concept_id_1,concept_name_1,concept_id_2,concept_name_2,,,,,,
45587269,(Induced) termination of pregnancy with other complications,37162983,Disorder following induced termination of pregnancy,,,,,,
45431148,"[X]Fall on and from scaffolding, occurrence at unspecified place",432804,Fall from scaffold,,,,,,
73026,Abnormal breath sounds,4278456,Breath sounds - finding,,,,,,
73361,Abrasion and/or friction burn of elbow with infection,444193,Superficial injury of elbow with infection,,,,,,
73361,Abrasion and/or friction burn of elbow with infection,4106352,Superficial injury of elbow,,,,,,
73361,Abrasion and/or friction burn of elbow with infection,43530817,"Abrasion and/or friction burn of upper limb, infected",,,,,,
45572532,"Abscess of bursa, right ankle and foot",4049120,Abscess of bursa,,,,,,
31609,Abscess of salivary gland,444271,Abscess of oral tissue,,,,,,
31609,Abscess of salivary gland,4114483,Lesion of salivary gland,,,,,,
31609,Abscess of salivary gland,4322566,Mass of salivary gland,,,,,,
22722,Accessory salivary gland,4006301,Congenital anomaly of salivary gland,,,,,,
74082,Acontractile detrusor,4032435,Urinary bladder muscle dysfunction - underactive,,,,,,
45571402,Acquired absence of bilateral breasts and nipples,36716836,Bilateral acquired absence of breast,,,,,,
45600371,Acquired absence of left ankle,37174088,Disarticulation of left ankle,,,,,,
45609993,Acquired absence of left breast and nipple,36717483,Acquired total absence of breast,,,,,,
31668,Acquired deformity of neck,4042837,Disorder of neck,,,,,,
31668,Acquired deformity of neck,4182168,Deformity of neck,,,,,,
31884,Acquired diverticulum of esophagus,4187895,Esophageal diverticulum,,,,,,
73849,Acquired lordosis deformity of spine,73012,Lordosis deformity of spine,,,,,,
73849,Acquired lordosis deformity of spine,4044721,Acquired curvature of spine,,,,,,
42489523,Acute erosion of stomach with haemorrhage,4143871,Erosion of stomach with hemorrhage,,,,,,
42489523,Acute erosion of stomach with haemorrhage,4143871,Acute erosion of stomach with haemorrhage,,,,,,
26459,Acute esophagitis,30753,Esophagitis,,,,,,
30133,Acute laryngitis,24969,Laryngitis,,,,,,
30133,Acute laryngitis,4173027,Acute laryngitis and/or tracheitis,,,,,,
23798,Acute laryngopharyngitis,25297,Acute pharyngitis,,,,,,
23798,Acute laryngopharyngitis,30133,Acute laryngitis,,,,,,
23798,Acute laryngopharyngitis,4110480,Pharyngolaryngitis,,,,,,
31597,Acute laryngotracheitis,30133,Acute laryngitis,,,,,,
31597,Acute laryngotracheitis,437903,Acute tracheitis,,,,,,
31597,Acute laryngotracheitis,4208388,Laryngotracheitis,,,,,,
31601,Acute laryngotracheitis with obstruction,31597,Acute laryngotracheitis,,,,,,
37604869,"Acute onset vascular dementia with other, mainly hallucinatory symptoms, severe",433031,Hallucinations,,,,,,
37604869,"Acute onset vascular dementia with other, mainly hallucinatory symptoms, severe",4046089,Vascular dementia of acute onset,,,,,,
23237,Acute peptic ulcer with hemorrhage AND obstruction,4024846,Acute peptic ulcer with obstruction,,,,,,
23237,Acute peptic ulcer with hemorrhage AND obstruction,4046500,Acute peptic ulcer with hemorrhage,,,,,,
23237,Acute peptic ulcer with hemorrhage AND obstruction,4273101,Peptic ulcer with hemorrhage AND obstruction,,,,,,
27026,Acute peptic ulcer with hemorrhage AND with perforation but without obstruction,30439,Acute peptic ulcer with perforation but without obstruction,,,,,,
27026,Acute peptic ulcer with hemorrhage AND with perforation but without obstruction,31335,Acute peptic ulcer with hemorrhage but without obstruction,,,,,,
27026,Acute peptic ulcer with hemorrhage AND with perforation but without obstruction,4006994,Acute peptic ulcer with hemorrhage and perforation,,,,,,
27026,Acute peptic ulcer with hemorrhage AND with perforation but without obstruction,4155629,Abdominal cavity injury,,,,,,
27026,Acute peptic ulcer with hemorrhage AND with perforation but without obstruction,4235740,Peptic ulcer with hemorrhage AND with perforation but without obstruction,,,,,,
27026,Acute peptic ulcer with hemorrhage AND with perforation but without obstruction,4297887,Disorder of digestive organ,,,,,,
31335,Acute peptic ulcer with hemorrhage but without obstruction,4046500,Acute peptic ulcer with hemorrhage,,,,,,
31335,Acute peptic ulcer with hemorrhage but without obstruction,4169394,Peptic ulcer with hemorrhage but without obstruction,,,,,,
26718,Acute peptic ulcer with perforation AND obstruction,4024846,Acute peptic ulcer with obstruction,,,,,,
26718,Acute peptic ulcer with perforation AND obstruction,4174823,Peptic ulcer with perforation AND obstruction,,,,,,
26718,Acute peptic ulcer with perforation AND obstruction,4194543,Acute peptic ulcer with perforation,,,,,,
30439,Acute peptic ulcer with perforation but without obstruction,4054392,Peptic ulcer with perforation but without obstruction,,,,,,
30439,Acute peptic ulcer with perforation but without obstruction,4194543,Acute peptic ulcer with perforation,,,,,,
25297,Acute pharyngitis,4006969,Acute respiratory disease,,,,,,
25297,Acute pharyngitis,4132552,Acute digestive system disorder,,,,,,
25297,Acute pharyngitis,4134294,Acute inflammatory disease,,,,,,
25297,Acute pharyngitis,4226263,Pharyngitis,,,,,,
24660,Acute tonsillitis,25297,Acute pharyngitis,,,,,,
24660,Acute tonsillitis,4234533,Tonsillitis,,,,,,
37090164,"Adult osteomalacia, unspecified, upper arm",76191,Disorder of upper arm,,,,,,
37090164,"Adult osteomalacia, unspecified, upper arm",432594,Osteomalacia,,,,,,
1568098,Alcohol abuse with alcohol-induced psychotic disorder,37164773,Psychosis caused by ethanol,,,,,,
1568098,Alcohol abuse with alcohol-induced psychotic disorder,433753,Harmful pattern of use of alcohol,,,,,,
45591082,Alcohol dependence with intoxication,435243,Alcohol dependence,,,,,,
45596803,"Algoneurodystrophy, unspecified thigh",42539474,Complex regional pain syndrome of lower limb,,,,,,
72992,Allergic arthritis,80488,Arthropathy associated with a hypersensitivity reaction,,,,,,
72992,Allergic arthritis,4224742,Non-IgE-mediated allergic disorder,,,,,,
73557,Allergic arthritis of the pelvic region and thigh,72992,Allergic arthritis,,,,,,
37607287,Alveolar and parietoalveolar conditions,4252581,Alveolar pneumopathy,,,,,,
73241,Anal and rectal polyp,4216644,Rectal polyp,,,,,,
73241,Anal and rectal polyp,4228686,Anal polyp,,,,,,
1102702,"Anal fistula, complex",4127647,High anal fistula,,,,,,
1102702,"Anal fistula, complex",37203984,Anal fistula,,,,,,
1102902,"Angioimmunoblastic T-cell lymphoma, in remission",4144302,Hodgkin's disease in remission,,,,,,
74064,Ankylosis of temporomandibular joint,74396,Temporomandibular joint disorder,,,,,,
74064,Ankylosis of temporomandibular joint,80493,Ankylosis of joint,,,,,,
74064,Ankylosis of temporomandibular joint,35624868,Lesion of face,,,,,,
1102721,"Anorectal fistula, simple, recurrent",440059,Recurrent disease,,,,,,
1102721,"Anorectal fistula, simple, recurrent",193807,Anorectal fistula,,,,,,
37223903,"Anterior spinal and vertebral artery compression syndromes, multiple sites in spine",4032003,Anterior spinal artery compression syndrome,,,,,,
45586422,"Anterior subcapsular polar infantile and juvenile cataract, unspecified eye",372315,Anterior subcapsular polar cataract,,,,,,
73855,Arrest of bone development AND/OR growth,4160354,Disorder of bone development,,,,,,
73231,Arthralgia of temporomandibular joint,74396,Temporomandibular joint disorder,,,,,,
73231,Arthralgia of temporomandibular joint,77074,Joint pain,,,,,,
73231,Arthralgia of temporomandibular joint,4168686,Jaw pain,,,,,,
73231,Arthralgia of temporomandibular joint,4317968,Pain in face,,,,,,
1569915,"Arthritis due to other bacteria, ankle and foot",40481620,Infective arthritis of ankle and/or foot,,,,,,
45606032,"Arthritis due to other bacteria, unspecified joint",4167984,Bacterial arthritis,,,,,,
42490575,"Arthritis in other bacterial diseases classified elsewhere, forearm",136779,Disorder of forearm,,,,,,
42490575,"Arthritis in other bacterial diseases classified elsewhere, forearm",4167984,Bacterial arthritis,,,,,,
42490600,"Arthritis in other viral diseases classified elsewhere, lower leg",4094283,Lower limb joint arthritis,,,,,,
42490600,"Arthritis in other viral diseases classified elsewhere, lower leg",4343916,Viral arthritis,,,,,,
73553,Arthropathy,77960,Joint finding,,,,,,
73553,Arthropathy,4339410,Disorder of skeletal system,,,,,,
73553,Arthropathy,37206233,Disorder of joint region,,,,,,
72989,"Arthropathy associated with mycoses, of the ankle and/or foot",75896,Arthropathy associated with a mycosis,,,,,,
72989,"Arthropathy associated with mycoses, of the ankle and/or foot",40482662,Disorder of joint of ankle and/or foot,,,,,,
72398,Arthropathy in Behcet's syndrome,80494,Arthropathy associated with another disorder,,,,,,
72399,Arthropathy in Behcet's syndrome of multiple sites,72398,Arthropathy in Behcet's syndrome,,,,,,
72985,Arthropathy of the ankle and/or foot associated with helminthiasis,76193,Arthropathy associated with helminthiasis,,,,,,
72985,Arthropathy of the ankle and/or foot associated with helminthiasis,4057588,Arthritis associated with another disorder,,,,,,
72985,Arthropathy of the ankle and/or foot associated with helminthiasis,4094283,Lower limb joint arthritis,,,,,,
72985,Arthropathy of the ankle and/or foot associated with helminthiasis,40482662,Disorder of joint of ankle and/or foot,,,,,,
72400,Arthropathy of the pelvic region and thigh associated with helminthiasis,76193,Arthropathy associated with helminthiasis,,,,,,
72400,Arthropathy of the pelvic region and thigh associated with helminthiasis,4057588,Arthritis associated with another disorder,,,,,,
74120,Arthropathy of the shoulder region associated with helminthiasis,76193,Arthropathy associated with helminthiasis,,,,,,
74120,Arthropathy of the shoulder region associated with helminthiasis,1075361,Arthritis of shoulder region joint,,,,,,
74120,Arthropathy of the shoulder region associated with helminthiasis,4057588,Arthritis associated with another disorder,,,,,,
72997,Articular cartilage disorder of upper arm,76191,Disorder of upper arm,,,,,,
72997,Articular cartilage disorder of upper arm,439103,Articular cartilage disorder,,,,,,
45609808,"Assault by strike by baseball bat, sequela",4054807,Late effects of assault,,,,,,
45581363,Asymptomatic premature menopause,198715,Premature menopause,,,,,,
45567215,Atherosclerosis of autologous vein bypass graft(s) of the right leg with ulceration of thigh,40484541,Atherosclerosis of autologous vein bypass graft of limb,,,,,,
45567215,Atherosclerosis of autologous vein bypass graft(s) of the right leg with ulceration of thigh,443593,Ulcer of thigh,,,,,,
23806,Atrophy of salivary gland,25572,Disorder of salivary gland,,,,,,
23806,Atrophy of salivary gland,4179873,Degenerative disorder,,,,,,
26141,Barrett's esophagus with esophagitis,30753,Esophagitis,,,,,,
26141,Barrett's esophagus with esophagitis,443344,Barrett's esophagus,,,,,,
762000,Benign hypertensive heart disease and chronic renal disease stage 2,4263504,Benign hypertensive heart disease,,,,,,
762000,Benign hypertensive heart disease and chronic renal disease stage 2,44782692,Chronic kidney disease stage 2 due to hypertension,,,,,,
762000,Benign hypertensive heart disease and chronic renal disease stage 2,44784621,Hypertensive heart and chronic kidney disease,,,,,,
28716,Benign neoplasm of aortic body,444463,Benign neoplasm of paraganglion,,,,,,
28716,Benign neoplasm of aortic body,4130063,Neoplasm of aortic body,,,,,,
72576,Benign neoplasm of breast,81251,Neoplasm of breast,,,,,,
72576,Benign neoplasm of breast,4113104,Benign neoplasm of thorax,,,,,,
24884,Benign neoplasm of carotid body,444463,Benign neoplasm of paraganglion,,,,,,
24884,Benign neoplasm of carotid body,4131121,Neoplasm of carotid body,,,,,,
24884,Benign neoplasm of carotid body,4242368,Benign neoplasm of neck,,,,,,
73723,Benign neoplasm of epididymis,200670,Benign neoplasm of male genital organ,,,,,,
73723,Benign neoplasm of epididymis,4131755,Neoplasm of epididymis,,,,,,
24602,Benign neoplasm of esophagus,193431,Benign tumor of digestive organ,,,,,,
24602,Benign neoplasm of esophagus,4130990,Neoplasm of esophagus,,,,,,
24602,Benign neoplasm of esophagus,4243411,Benign neoplasm of gastrointestinal tract,,,,,,
23731,Benign neoplasm of larynx,4055265,Neoplasm of larynx,,,,,,
23731,Benign neoplasm of larynx,4242368,Benign neoplasm of neck,,,,,,
23731,Benign neoplasm of larynx,4242982,Benign neoplasm of upper respiratory tract,,,,,,
30679,Benign neoplasm of major salivary gland,4054610,Neoplasm of major salivary gland,,,,,,
30679,Benign neoplasm of major salivary gland,4113120,Benign tumor of salivary gland,,,,,,
30356,Benign neoplasm of pharynx,193431,Benign tumor of digestive organ,,,,,,
30356,Benign neoplasm of pharynx,4131451,Neoplasm of pharynx,,,,,,
30356,Benign neoplasm of pharynx,4156941,"Benign neoplasm of lip, oral cavity and pharynx",,,,,,
30356,Benign neoplasm of pharynx,4242982,Benign neoplasm of upper respiratory tract,,,,,,
28115,Benign neoplasm of pineal gland,136937,Benign neoplasm of endocrine gland,,,,,,
28115,Benign neoplasm of pineal gland,4131120,Neoplasm of pineal gland,,,,,,
28115,Benign neoplasm of pineal gland,4173658,Benign cerebral tumor,,,,,,
26060,Benign neoplasm of tonsil,4130836,Neoplasm of tonsil,,,,,,
26060,Benign neoplasm of tonsil,4240017,Benign neoplasm of lateral wall of oropharynx,,,,,,
26060,Benign neoplasm of tonsil,4242988,Benign neoplasm of Waldeyer's ring,,,,,,
73021,Bilateral congenital dislocation of hip,35608132,Congenital dislocation of left hip,,,,,,
73021,Bilateral congenital dislocation of hip,35608133,Congenital dislocation of right hip,,,,,,
73021,Bilateral congenital dislocation of hip,36687058,Arthropathy of bilateral hip joints,,,,,,
28779,Bleeding esophageal varices,24966,Esophageal varices,,,,,,
28779,Bleeding esophageal varices,4124866,Venous hemorrhage,,,,,,
28779,Bleeding esophageal varices,4344497,Soft tissue lesion,,,,,,
28779,Bleeding esophageal varices,37311947,Hemorrhage of digestive system,,,,,,
26441,Bleeding ulcer of esophagus,23245,Esophageal bleeding,,,,,,
26441,Bleeding ulcer of esophagus,25844,Ulcer of esophagus,,,,,,
26441,Bleeding ulcer of esophagus,4271696,Peptic ulcer with hemorrhage,,,,,,
72486,Blister of elbow without infection,444189,Injury of elbow,,,,,,
72486,Blister of elbow without infection,4267555,Blister of skin without infection,,,,,,
72486,Blister of elbow without infection,4271029,Disorder of skin of upper limb,,,,,,
72486,Blister of elbow without infection,4344259,Soft tissue lesion of elbow region,,,,,,
1434052,Blood alcohol level of less than 20 mg/100 ml,40484946,High alcohol level in blood,,,,,,
23567,Branchial cleft cyst,443258,Mass of head and/or neck,,,,,,
23567,Branchial cleft cyst,4178668,Branchial cleft anomaly,,,,,,
23567,Branchial cleft cyst,4209224,Cyst,,,,,,
25068,Branchial cleft sinus and fistula,439377,Fistula of branchial cleft,,,,,,
25068,Branchial cleft sinus and fistula,4100729,Branchial cleft sinus,,,,,,
73019,Breast engorgement in newborn,77030,Disorder of breast,,,,,,
73019,Breast engorgement in newborn,4042220,Neonatal disorder,,,,,,
73019,Breast engorgement in newborn,4172315,Engorgement of breasts,,,,,,
1102660,"Bulimia nervosa, mild",438407,Bulimia nervosa,,,,,,
73372,Burn of breast,197163,Burn of trunk,,,,,,
73372,Burn of breast,4128492,Lesion of breast,,,,,,
73372,Burn of breast,4265765,Injury of breast,,,,,,
27438,Burn of esophagus,195976,Burn of gastrointestinal tract,,,,,,
27438,Burn of esophagus,198030,Burn of internal organ,,,,,,
27438,Burn of esophagus,4113545,Lesion of esophagus,,,,,,
27438,Burn of esophagus,4155764,Esophageal injury,,,,,,
72516,Burn of knee,197751,Burn of lower limb,,,,,,
72516,Burn of knee,444132,Injury of knee,,,,,,
26286,Burn of neck,24818,Injury of neck,,,,,,
26286,Burn of neck,4185207,Lesion of neck,,,,,,
26286,Burn of neck,4293479,Burn of head AND/OR neck,,,,,,
73913,Burn of shoulder,73925,Burn of upper limb,,,,,,
73913,Burn of shoulder,76611,Injury of shoulder region,,,,,,
73925,Burn of upper limb,442013,Burn,,,,,,
73925,Burn of upper limb,4130851,Injury of upper extremity,,,,,,
73560,Calcaneal spur,4101635,Finding of bone of foot,,,,,,
73560,Calcaneal spur,4116964,Mass of musculoskeletal structure,,,,,,
73560,Calcaneal spur,40481843,Mass of foot,,,,,,
29735,Candidiasis of mouth,433968,Candidiasis,,,,,,
29735,Candidiasis of mouth,4042502,Disease of mouth,,,,,,
29735,Candidiasis of mouth,4134887,Infectious disease of digestive tract,,,,,,
29735,Candidiasis of mouth,4176944,Infective disorder of head,,,,,,
28974,Candidiasis of the esophagus,31610,Disorder of esophagus,,,,,,
28974,Candidiasis of the esophagus,193133,Gastrointestinal candidiasis,,,,,,
28109,Carcinoma in situ of esophagus,196064,Carcinoma in situ of digestive organ,,,,,,
28109,Carcinoma in situ of esophagus,4130990,Neoplasm of esophagus,,,,,,
28109,Carcinoma in situ of esophagus,4244495,Carcinoma in situ of gastrointestinal tract,,,,,,
24897,Carcinoma in situ of larynx,4055265,Neoplasm of larynx,,,,,,
24897,Carcinoma in situ of larynx,4241921,Carcinoma in situ of upper respiratory tract,,,,,,
1427259,Cardiac murmurs and other cardiac sounds,4114164,Finding of heart sounds,,,,,,
1434357,Carrier of other specified bacterial diseases,4280828,Carrier of infectious organism,,,,,,
30163,Cellulitis and abscess of neck,4266864,Abscess of neck,,,,,,
30163,Cellulitis and abscess of neck,4290877,Cellulitis of neck,,,,,,
4113790,"Cellulitis of leg, excluding foot",42709838,Cellulitis of lower limb,,,,,,
28248,Cervical auricle,23567,Branchial cleft cyst,,,,,,
28248,Cervical auricle,25056,Congenital anomaly of neck,,,,,,
28248,Cervical auricle,36716871,Cyst of neck,,,,,,
45518269,Child lives with father,4072595,Lives with father,,,,,,
72245,Chlamydial infection of lower genitourinary tract,79732,Genitourinary chlamydia infection,,,,,,
23137,Chlamydial pharyngitis,438066,Chlamydial infection,,,,,,
23137,Chlamydial pharyngitis,4193318,Infective pharyngitis,,,,,,
23137,Chlamydial pharyngitis,4193874,Bacterial infection of the digestive tract,,,,,,
23137,Chlamydial pharyngitis,4207185,Bacterial upper respiratory infection,,,,,,
37225693,"Chondrolysis, forearm",136779,Disorder of forearm,,,,,,
37225693,"Chondrolysis, forearm",4345581,Chondrolysis of articular cartilage,,,,,,
1571440,"Chondromalacia, hip",438531,Chondromalacia,,,,,,
1571440,"Chondromalacia, hip",4181454,Articular cartilage disorder of hip,,,,,,
45592254,"Chorioamnionitis, second trimester, fetus 3",4021397,Chorioamnionitis,,,,,,
45592254,"Chorioamnionitis, second trimester, fetus 3",4244438,Second trimester pregnancy,,,,,,
24978,Chronic adenotonsillitis,23220,Chronic tonsillitis,,,,,,
24978,Chronic adenotonsillitis,439851,Chronic adenoiditis,,,,,,
9770,"Chronic gout due to renal impairment, right elbow",46270464,Gout of elbow due to renal impairment,,,,,,
443611,Chronic kidney disease stage 5,46271022,Chronic kidney disease,,,,,,
24970,Chronic laryngitis,24969,Laryngitis,,,,,,
24970,Chronic laryngitis,444208,Chronic inflammatory disorder,,,,,,
24970,Chronic laryngitis,4063381,Chronic disease of respiratory system,,,,,,
26719,Chronic laryngotracheitis,4112534,Chronic laryngitis and laryngotracheitis,,,,,,
26719,Chronic laryngotracheitis,4254103,Chronic tracheitis,,,,,,
42489033,"Chronic obstructive pulmonary disease with acute exacerbation, unspecified, mild",257004,Acute exacerbation of chronic obstructive pulmonary disease,,,,,,
42489033,"Chronic obstructive pulmonary disease with acute exacerbation, unspecified, mild",4196712,Mild chronic obstructive pulmonary disease,,,,,,
24076,Chronic peptic ulcer with hemorrhage AND obstruction,4024849,Chronic peptic ulcer with obstruction,,,,,,
24076,Chronic peptic ulcer with hemorrhage AND obstruction,4174044,Chronic peptic ulcer with hemorrhage,,,,,,
24076,Chronic peptic ulcer with hemorrhage AND obstruction,4273101,Peptic ulcer with hemorrhage AND obstruction,,,,,,
22665,Chronic peptic ulcer with hemorrhage AND with perforation but without obstruction,4134593,Chronic digestive system disorder,,,,,,
22665,Chronic peptic ulcer with hemorrhage AND with perforation but without obstruction,4235740,Peptic ulcer with hemorrhage AND with perforation but without obstruction,,,,,,
30770,Chronic peptic ulcer with hemorrhage but without obstruction,4169394,Peptic ulcer with hemorrhage but without obstruction,,,,,,
30770,Chronic peptic ulcer with hemorrhage but without obstruction,4174044,Chronic peptic ulcer with hemorrhage,,,,,,
24397,"Chronic peptic ulcer with hemorrhage, with perforation AND with obstruction",24076,Chronic peptic ulcer with hemorrhage AND obstruction,,,,,,
24397,"Chronic peptic ulcer with hemorrhage, with perforation AND with obstruction",30442,Chronic peptic ulcer with perforation AND obstruction,,,,,,
24397,"Chronic peptic ulcer with hemorrhage, with perforation AND with obstruction",4095410,"Peptic ulcer with hemorrhage, with perforation AND with obstruction",,,,,,
24397,"Chronic peptic ulcer with hemorrhage, with perforation AND with obstruction",4247008,Chronic peptic ulcer with hemorrhage AND perforation,,,,,,
30442,Chronic peptic ulcer with perforation AND obstruction,4024849,Chronic peptic ulcer with obstruction,,,,,,
30442,Chronic peptic ulcer with perforation AND obstruction,4146517,Chronic peptic ulcer with perforation,,,,,,
30442,Chronic peptic ulcer with perforation AND obstruction,4174823,Peptic ulcer with perforation AND obstruction,,,,,,
23247,Chronic peptic ulcer with perforation but without obstruction,4054392,Peptic ulcer with perforation but without obstruction,,,,,,
23247,Chronic peptic ulcer with perforation but without obstruction,4146517,Chronic peptic ulcer with perforation,,,,,,
24973,Chronic peptic ulcer without hemorrhage AND without perforation but with obstruction,200771,Peptic ulcer without hemorrhage AND without perforation but with obstruction,,,,,,
24973,Chronic peptic ulcer without hemorrhage AND without perforation but with obstruction,4024849,Chronic peptic ulcer with obstruction,,,,,,
24973,Chronic peptic ulcer without hemorrhage AND without perforation but with obstruction,4204555,Chronic peptic ulcer without hemorrhage AND without perforation,,,,,,
23808,"Chronic peptic ulcer without hemorrhage, without perforation AND without obstruction",201069,"Peptic ulcer without hemorrhage, without perforation AND without obstruction",,,,,,
23808,"Chronic peptic ulcer without hemorrhage, without perforation AND without obstruction",4204555,Chronic peptic ulcer without hemorrhage AND without perforation,,,,,,
26711,Chronic pharyngitis,444208,Chronic inflammatory disorder,,,,,,
26711,Chronic pharyngitis,4063381,Chronic disease of respiratory system,,,,,,
26711,Chronic pharyngitis,4134593,Chronic digestive system disorder,,,,,,
26711,Chronic pharyngitis,4226263,Pharyngitis,,,,,,
23220,Chronic tonsillitis,26711,Chronic pharyngitis,,,,,,
23220,Chronic tonsillitis,4170138,Chronic disease of tonsil,,,,,,
23220,Chronic tonsillitis,4234533,Tonsillitis,,,,,,
46270436,Chronic tophaceous gout of elbow caused by drug,46270450,Chronic tophaceous gout caused by drug,,,,,,
46270436,Chronic tophaceous gout of elbow caused by drug,46270454,Gout of elbow caused by drug,,,,,,
73041,Closed fracture of five ribs,78273,Closed fracture of multiple ribs,,,,,,
73041,Closed fracture of five ribs,4288590,Fracture of five ribs,,,,,,
73341,Closed fracture of head of radius,4136716,Fracture of radial head,,,,,,
73341,Closed fracture of head of radius,4190345,Closed fracture involving joint,,,,,,
73341,Closed fracture of head of radius,45773541,Closed fracture of proximal epiphysis of radius,,,,,,
73036,Closed fracture of olecranon process of ulna,436251,Closed fracture of proximal end of ulna,,,,,,
73036,Closed fracture of olecranon process of ulna,4083488,Fracture of olecranon,,,,,,
73036,Closed fracture of olecranon process of ulna,4190345,Closed fracture involving joint,,,,,,
72465,Closed fracture of one or more phalanges of hand,4226282,Fracture of phalanx of hand,,,,,,
72465,Closed fracture of one or more phalanges of hand,45772685,Closed fracture of hand,,,,,,
73614,Closed fracture of seven ribs,78273,Closed fracture of multiple ribs,,,,,,
73614,Closed fracture of seven ribs,4032308,Fracture of seven ribs,,,,,,
73884,Closed fracture of three ribs,78273,Closed fracture of multiple ribs,,,,,,
73884,Closed fracture of three ribs,4239149,Fracture of three ribs,,,,,,
72459,Closed fracture of two ribs,78273,Closed fracture of multiple ribs,,,,,,
72459,Closed fracture of two ribs,4136498,Fracture of two ribs,,,,,,
73334,Closed posterior dislocation of elbow,4221189,Dislocation of elbow joint,,,,,,
73343,Closed posterior dislocation of hip,4306084,Dislocation of hip joint,,,,,,
73335,Closed posterior dislocation of proximal end of tibia,72986,Disorder of lower leg,,,,,,
73335,Closed posterior dislocation of proximal end of tibia,604317,Finding of bone of lower limb,,,,,,
73335,Closed posterior dislocation of proximal end of tibia,1245129,Displacement of bone,,,,,,
73335,Closed posterior dislocation of proximal end of tibia,40323559,Dislocation of knee joint,,,,,,
73336,Closed traumatic dislocation ankle joint,79113,Traumatic dislocation of ankle joint,,,,,,
73336,Closed traumatic dislocation ankle joint,40492779,Closed traumatic dislocation of joint,,,,,,
72469,Closed traumatic dislocation of joint of shoulder region,75899,Traumatic dislocation of shoulder region,,,,,,
72469,Closed traumatic dislocation of joint of shoulder region,40492779,Closed traumatic dislocation of joint,,,,,,
37402466,"Cocaine use, unspecified, in remission",35622958,Disorder in remission,,,,,,
37402466,"Cocaine use, unspecified, in remission",37162280,Disorder caused by psychoactive substance,,,,,,
27826,Combination of endocrine dysfunction,4131812,Polyglandular dysfunction AND/OR related disorders,,,,,,
45601867,"Complete placenta previa NOS or without hemorrhage, third trimester",4284028,Placenta previa,,,,,,
45601867,"Complete placenta previa NOS or without hemorrhage, third trimester",4218813,Third trimester pregnancy,,,,,,
25698,Complication of transplanted pancreas,192963,Disorder of pancreas,,,,,,
25698,Complication of transplanted pancreas,201461,Disorder affecting transplanted structure,,,,,,
25698,Complication of transplanted pancreas,4300243,Postoperative complication,,,,,,
25698,Complication of transplanted pancreas,42537741,Transplant present,,,,,,
31386,Congenital absence of salivary gland,4006301,Congenital anomaly of salivary gland,,,,,,
31386,Congenital absence of salivary gland,4241529,Congenital absence of mouth,,,,,,
42496152,"Congenital absence, atresia and stricture of auditory canal(external)",4185093,Congenital stricture of external auditory canal,,,,,,
73866,Congenital anomaly of breast,77030,Disorder of breast,,,,,,
73866,Congenital anomaly of breast,4176798,Congenital anomaly of thorax,,,,,,
23868,Congenital anomaly of esophagus,31610,Disorder of esophagus,,,,,,
23868,Congenital anomaly of esophagus,200836,Congenital anomaly of gastrointestinal tract,,,,,,
23868,Congenital anomaly of esophagus,4134606,Congenital anomaly of digestive organ,,,,,,
23868,Congenital anomaly of esophagus,4169977,Congenital malformation of upper alimentary tract,,,,,,
25056,Congenital anomaly of neck,4042837,Disorder of neck,,,,,,
25056,Congenital anomaly of neck,4079975,Congenital malformation,,,,,,
23865,Congenital anomaly of pharynx,31057,Disorder of pharynx,,,,,,
23865,Congenital anomaly of pharynx,4134606,Congenital anomaly of digestive organ,,,,,,
23865,Congenital anomaly of pharynx,4169977,Congenital malformation of upper alimentary tract,,,,,,
23865,Congenital anomaly of pharynx,4215370,Congenital anomaly of upper respiratory system,,,,,,
73017,Congenital anomaly of toe,78560,Congenital anomaly of foot,,,,,,
73017,Congenital anomaly of toe,4028528,Disorder of toe,,,,,,
73017,Congenital anomaly of toe,4301416,Congenital anomaly of digit,,,,,,
73872,Congenital deformity of knee joint,1076497,Congenital deformity of musculoskeletal system,,,,,,
73872,Congenital deformity of knee joint,4103031,Deformity of knee joint,,,,,,
73872,Congenital deformity of knee joint,4316226,Congenital anomaly of joint,,,,,,
73872,Congenital deformity of knee joint,4324765,Arthropathy of knee joint,,,,,,
73872,Congenital deformity of knee joint,37164303,Congenital deformity of lower limb,,,,,,
24148,Congenital diverticulum of pharynx,23865,Congenital anomaly of pharynx,,,,,,
24148,Congenital diverticulum of pharynx,37174262,Lesion of pharynx,,,,,,
72434,Congenital hydrocele,4127734,Congenital abnormality of scrotum,,,,,,
72434,Congenital hydrocele,37110208,Lesion of genitalia,,,,,,
22426,Congenital macrostomia,133303,Congenital anomaly of mouth,,,,,,
22426,Congenital macrostomia,439394,Congenital anomaly of face,,,,,,
22426,Congenital macrostomia,35624868,Lesion of face,,,,,,
22426,Congenital macrostomia,42709918,Orofacial cleft,,,,,,
22426,Congenital macrostomia,43530620,Oral lesion,,,,,,
26213,Congenital salivary gland fistula,28462,Fistula of salivary gland,,,,,,
26213,Congenital salivary gland fistula,4006301,Congenital anomaly of salivary gland,,,,,,
30515,Congenital stenosis of esophagus,23868,Congenital anomaly of esophagus,,,,,,
30515,Congenital stenosis of esophagus,4340117,Esophageal web / ring,,,,,,
1576184,Contact with and (suspected) exposure to hazards in the physical environment,37016166,Exposure to potentially hazardous substance,,,,,,
42503460,"Contact with venomous marine animals and plants, unspecified place",4155221,Exposure to poison of venomous animals and plants,,,,,,
45539133,"Continuing pregnancy after elective fetal reduction of one fetus or more, second trimester, fetus 1",433826,Continuing pregnancy after abortion of one fetus or more,,,,,,
45539133,"Continuing pregnancy after elective fetal reduction of one fetus or more, second trimester, fetus 1",4244438,Second trimester pregnancy,,,,,,
74127,Contracture of elbow joint,73290,Contracture of joint,,,,,,
74127,Contracture of elbow joint,4027383,Disorder of elbow,,,,,,
74127,Contracture of elbow joint,4126334,Decreased range of elbow movement,,,,,,
74127,Contracture of elbow joint,4186162,Deformity of upper limb,,,,,,
73290,Contracture of joint,372604,Movement disorder,,,,,,
73290,Contracture of joint,4168498,Deformity,,,,,,
73290,Contracture of joint,4323826,Limitation of joint movement,,,,,,
73290,Contracture of joint,37206233,Disorder of joint region,,,,,,
72995,Contracture of joint of hand,73290,Contracture of joint,,,,,,
72995,Contracture of joint of hand,77635,Disorder of hand,,,,,,
72995,Contracture of joint of hand,4182643,Deformity of hand,,,,,,
73089,Contusion of buttock,195977,Contusion of trunk,,,,,,
73089,Contusion of buttock,199978,Contusion of lower limb,,,,,,
73089,Contusion of buttock,4174096,Injury of buttock,,,,,,
24198,Contusion of esophagus,441737,Contusion,,,,,,
24198,Contusion of esophagus,4016547,Closed injury of esophagus,,,,,,
73649,Contusion of finger,81454,Injury of finger,,,,,,
73649,Contusion of finger,81723,Contusion of hand,,,,,,
73090,Contusion of foot,199978,Contusion of lower limb,,,,,,
73090,Contusion of foot,444130,Injury of foot,,,,,,
73065,Contusion of genital organ,195977,Contusion of trunk,,,,,,
73065,Contusion of genital organ,4152297,Genital injury,,,,,,
73065,Contusion of genital organ,37110208,Lesion of genitalia,,,,,,
73923,Contusion of upper arm,73075,Contusion of upper limb,,,,,,
73923,Contusion of upper arm,444190,Injury of upper arm,,,,,,
73075,Contusion of upper limb,441737,Contusion,,,,,,
73075,Contusion of upper limb,4130851,Injury of upper extremity,,,,,,
1574545,Corrosion of cornea and conjunctival sac,4335872,Injury of globe of eye,,,,,,
72487,Crushing injury of foot,194229,Crushing injury of lower limb,,,,,,
72487,Crushing injury of foot,444130,Injury of foot,,,,,,
73366,Crushing injury of lower leg,194229,Crushing injury of lower limb,,,,,,
73366,Crushing injury of lower leg,444131,Injury of lower leg,,,,,,
73362,Crushing injury of multiple sites of upper limb,78609,Crushing injury of upper limb,,,,,,
73362,Crushing injury of multiple sites of upper limb,440913,Crushing injury of multiple sites,,,,,,
29979,Crushing injury of neck,24818,Injury of neck,,,,,,
29979,Crushing injury of neck,437428,Crushing injury,,,,,,
29979,Crushing injury of neck,4185207,Lesion of neck,,,,,,
73072,Crushing injury of upper arm,78609,Crushing injury of upper limb,,,,,,
73072,Crushing injury of upper arm,444190,Injury of upper arm,,,,,,
73287,Crystal arthropathy of ankle AND/OR foot,80484,Crystal arthropathy,,,,,,
73287,Crystal arthropathy of ankle AND/OR foot,4219481,Degenerative joint disease of ankle AND/OR foot,,,,,,
73550,Crystal arthropathy of elbow,80484,Crystal arthropathy,,,,,,
73550,Crystal arthropathy of elbow,4083695,Osteoarthritis of elbow,,,,,,
72709,Crystal arthropathy of multiple sites,80484,Crystal arthropathy,,,,,,
73302,Curvature of spine,4182166,Deformity of spine,,,,,,
73302,Curvature of spine,4260918,Disorder of spinal region,,,,,,
73091,Deep third degree burn of breast,77730,Third degree burn of breast,,,,,,
73091,Deep third degree burn of breast,195995,Deep third degree burn of trunk,,,,,,
73575,Deformity of toe,4047269,Deformity of foot,,,,,,
73575,Deformity of toe,4227252,Toe finding,,,,,,
72405,Degenerative joint disease of shoulder region,80180,Osteoarthritis,,,,,,
72405,Degenerative joint disease of shoulder region,40484571,Disorder of joint of shoulder region,,,,,,
1326522,"Degenerative myopia with retinal detachment, left eye",381281,Degenerative progressive high myopia,,,,,,
1326522,"Degenerative myopia with retinal detachment, left eye",378414,Retinal detachment,,,,,,
37605180,"Dementia in Creutzfeldt-Jakob disease, with other symptoms, predominantly hallucinatory, mild",433031,Hallucinations,,,,,,
37605180,"Dementia in Creutzfeldt-Jakob disease, with other symptoms, predominantly hallucinatory, mild",4180284,Dementia due to Creutzfeldt Jakob disease,,,,,,
37402416,"Dementia in other diseases classified elsewhere, moderate, with agitation",374888,Dementia associated with another disease,,,,,,
37402416,"Dementia in other diseases classified elsewhere, moderate, with agitation",762704,Moderate dementia,,,,,,
37402416,"Dementia in other diseases classified elsewhere, moderate, with agitation",4187507,Psychomotor agitation,,,,,,
37200082,"Diabetes mellitus due to underlying condition with diabetic macular edema, resolved following treatment, bilateral",195771,Secondary diabetes mellitus,,,,,,
37200082,"Diabetes mellitus due to underlying condition with diabetic macular edema, resolved following treatment, bilateral",4153217,Patient condition resolved,,,,,,
37200082,"Diabetes mellitus due to underlying condition with diabetic macular edema, resolved following treatment, bilateral",380097,Macular edema due to diabetes mellitus,,,,,,
37200077,"Diabetes mellitus due to underlying condition with proliferative diabetic retinopathy without macular edema, bilateral",195771,Secondary diabetes mellitus,,,,,,
37200077,"Diabetes mellitus due to underlying condition with proliferative diabetic retinopathy without macular edema, bilateral",380096,Proliferative retinopathy due to diabetes mellitus,,,,,,
37082094,Diabetes mellitus in connection with deficient nutrition or malnutritionwith multiple complications: Not described as derailed,37160913,Disorder due to malnutrition related diabetes mellitus,,,,,,
1403691,Diphtheria laryngotracheitis (machine translation),438680,Laryngeal diphtheria,,,,,,
45534326,"Diseases of the respiratory system complicating pregnancy, second trimester",4060429,"Disease of the respiratory system complicating pregnancy, childbirth and/or the puerperium",,,,,,
45534326,"Diseases of the respiratory system complicating pregnancy, second trimester",4244438,Second trimester pregnancy,,,,,,
45601859,"Disorder of amniotic fluid and membranes, unspecified, second trimester, fetus 4",438815,Disorder of amniotic cavity AND/OR membrane,,,,,,
45601859,"Disorder of amniotic fluid and membranes, unspecified, second trimester, fetus 4",4244438,Second trimester pregnancy,,,,,,
23164,Disorder of anterior pituitary,23986,Disorder of pituitary gland,,,,,,
37090689,"Disorder of bone, unspecified, pelvic region and thigh",43531054,Disorder of pelvis,,,,,,
37090689,"Disorder of bone, unspecified, pelvic region and thigh",4219381,Finding of bone of pelvis,,,,,,
31821,Disorder of endocrine system,4180628,Disorder of body system,,,,,,
26935,Disorder of endocrine testis,4132094,Disorder of endocrine gonad,,,,,,
26935,Disorder of endocrine testis,4276801,Disorder of testis,,,,,,
31610,Disorder of esophagus,4000609,Disorder of upper gastrointestinal tract,,,,,,
31610,Disorder of esophagus,4101212,Finding of esophagus,,,,,,
31610,Disorder of esophagus,4297887,Disorder of digestive organ,,,,,,
72986,Disorder of lower leg,44782620,Disorder of free lower limb,,,,,,
31057,Disorder of pharynx,254068,Disorder of upper respiratory system,,,,,,
31057,Disorder of pharynx,4022571,Finding of pharynx,,,,,,
31057,Disorder of pharynx,4198525,Disorder of upper digestive tract,,,,,,
31057,Disorder of pharynx,4297887,Disorder of digestive organ,,,,,,
23986,Disorder of pituitary gland,31821,Disorder of endocrine system,,,,,,
23986,Disorder of pituitary gland,372887,Disorder of brain,,,,,,
28385,Disorder of posterior pituitary,23986,Disorder of pituitary gland,,,,,,
73673,Disorder of prosthetic joint,73553,Arthropathy,,,,,,
73673,Disorder of prosthetic joint,434822,Complication of internal prosthetic device,,,,,,
25572,Disorder of salivary gland,4106676,Disorder of salivary structure,,,,,,
25572,Disorder of salivary gland,4158189,Salivary gland finding,,,,,,
72618,Disorder of skeletal muscle,137275,Disorder of muscle,,,,,,
72618,Disorder of skeletal muscle,376208,Disorder of soft tissue,,,,,,
72618,Disorder of skeletal muscle,4244662,Disorder of musculoskeletal system,,,,,,
31602,Disorder of the larynx,254068,Disorder of upper respiratory system,,,,,,
31602,Disorder of the larynx,4042837,Disorder of neck,,,,,,
31602,Disorder of the larynx,4155904,Larynx finding,,,,,,
1102643,Disorders of citrate metabolism,4021042,Disorder of organic acid metabolism,,,,,,
42489837,Disorders of peritoneum in infectious diseases classified elsewhere,443796,Infectious peritonitis,,,,,,
42489837,Disorders of peritoneum in infectious diseases classified elsewhere,432250,Infectious disease,,,,,,
37091346,Disorders of prostate in diseases classified elsewhere,196734,Disorder of prostate,,,,,,
73534,Disproportion between fetus and pelvis,75909,Disorder of bone,,,,,,
73534,Disproportion between fetus and pelvis,79890,Disorder of pelvic size and disproportion,,,,,,
73534,Disproportion between fetus and pelvis,80165,Fetal disproportion,,,,,,
73534,Disproportion between fetus and pelvis,4219381,Finding of bone of pelvis,,,,,,
73534,Disproportion between fetus and pelvis,4266188,Disorder of body wall,,,,,,
27587,Disturbance of salivary secretion,25572,Disorder of salivary gland,,,,,,
37200139,"Drug or chemical induced diabetes mellitus with diabetic macular edema, resolved following treatment, bilateral",380097,Macular edema due to diabetes mellitus,,,,,,
37200139,"Drug or chemical induced diabetes mellitus with diabetic macular edema, resolved following treatment, bilateral",4202383,Drug-induced diabetes mellitus,,,,,,
45566726,Drug or chemical induced diabetes mellitus with other circulatory complications,321822,Peripheral vascular disorder due to diabetes mellitus,,,,,,
45566726,Drug or chemical induced diabetes mellitus with other circulatory complications,4202383,Drug-induced diabetes mellitus,,,,,,
37200127,Drug or chemical induced diabetes mellitus with stable proliferative diabetic retinopathy,380096,Proliferative retinopathy due to diabetes mellitus,,,,,,
37200127,Drug or chemical induced diabetes mellitus with stable proliferative diabetic retinopathy,4202383,Drug-induced diabetes mellitus,,,,,,
35208562,Drug photoallergic response,4286349,Drug-induced photosensitivity,,,,,,
35208562,Drug photoallergic response,4009034,Photoallergic dermatitis,,,,,,
44819790,"Duodenitis, without mention of hemorrhage",433516,Duodenitis,,,,,,
31317,Dysphagia,4198525,Disorder of upper digestive tract,,,,,,
1572249,Dysphasia and aphasia,4024716,"Aphasia, agnosia, dyslexia AND/OR apraxia",,,,,,
35211161,Ectodermal dysplasia (anhidrotic),134757,Ectodermal dysplasia,,,,,,
22350,Edema of larynx,31602,Disorder of the larynx,,,,,,
22350,Edema of larynx,4040388,Disorder characterized by edema,,,,,,
73851,Effusion of joint of multiple sites,75897,Polyarthropathy,,,,,,
73851,Effusion of joint of multiple sites,79903,Effusion of joint,,,,,,
72407,Effusion of joint of shoulder region,79903,Effusion of joint,,,,,,
72407,Effusion of joint of shoulder region,40484571,Disorder of joint of shoulder region,,,,,,
193782,End-stage renal disease,198185,Chronic renal failure,,,,,,
193782,End-stage renal disease,37156007,End stage organ failure,,,,,,
37607004,Endocarditis and heart valve disorders in diseases classified elsewhere,4281749,Heart valve disorder,,,,,,
73008,Enthesopathy,4244662,Disorder of musculoskeletal system,,,,,,
73842,Enthesopathy of elbow region,4027383,Disorder of elbow,,,,,,
73842,Enthesopathy of elbow region,42537682,Enthesopathy of upper limb,,,,,,
37224781,"Enthesopathy, unspecified, upper arm",42537682,Enthesopathy of upper limb,,,,,,
27918,Eosinophilic esophagitis,4188970,Chronic disease of immune function,,,,,,
27918,Eosinophilic esophagitis,4224063,Allergic disorder of digestive system,,,,,,
27918,Eosinophilic esophagitis,4249567,Chronic esophagitis,,,,,,
73365,Epidermal burn of elbow,73373,Epidermal burn of upper limb,,,,,,
73365,Epidermal burn of elbow,76570,Burn of elbow,,,,,,
73365,Epidermal burn of elbow,4106352,Superficial injury of elbow,,,,,,
73373,Epidermal burn of upper limb,73925,Burn of upper limb,,,,,,
73373,Epidermal burn of upper limb,4123196,Burn of skin of body region,,,,,,
73373,Epidermal burn of upper limb,4167229,Superficial injury of upper limb,,,,,,
73373,Epidermal burn of upper limb,4296204,Epidermal burn of skin,,,,,,
36110888,Epstein-Barr virus infection,4345472,Epstein-Barr virus disease,,,,,,
23245,Esophageal bleeding,31610,Disorder of esophagus,,,,,,
23245,Esophageal bleeding,4291649,Upper gastrointestinal bleeding,,,,,,
24966,Esophageal varices,4095643,Trunk varices,,,,,,
24966,Esophageal varices,4190192,Disorder of blood vessels of thorax,,,,,,
24966,Esophageal varices,4201745,Disorder of digestive system,,,,,,
24966,Esophageal varices,40488439,Abnormality of systemic vein,,,,,,
22340,Esophageal varices without bleeding,24966,Esophageal varices,,,,,,
30753,Esophagitis,31610,Disorder of esophagus,,,,,,
30753,Esophagitis,4043371,Inflammatory disorder of digestive tract,,,,,,
30753,Esophagitis,4181063,Inflammation of specific body organs,,,,,,
44821095,Exfoliation due to erythematous condition involving 10-19 percent of body surface,135029,Peeling of skin,,,,,,
44821095,Exfoliation due to erythematous condition involving 10-19 percent of body surface,40481101,Erythema of skin,,,,,,
72715,Exostosis,75909,Disorder of bone,,,,,,
72715,Exostosis,4116964,Mass of musculoskeletal structure,,,,,,
1413053,Eye tumor (machine translation),4160345,Neoplasm of eye proper,,,,,,
37087421,"Familial chondrocalcinosis, forearm",4035750,Familial chondrocalcinosis,,,,,,
37087421,"Familial chondrocalcinosis, forearm",136779,Disorder of forearm,,,,,,
73184,Familial periodic paralysis,4095278,Metabolic myopathy,,,,,,
1102682,Fat embolism of pulmonary artery with acute cor pulmonale,4119608,Pulmonary fat embolism,,,,,,
1102682,Fat embolism of pulmonary artery with acute cor pulmonale,312927,Acute cor pulmonale,,,,,,
1102684,Fat embolism of pulmonary artery without acute cor pulmonale,4119608,Pulmonary fat embolism,,,,,,
73268,Fetal distress affecting management of mother,74104,Fetal condition affecting obstetrical care of mother,,,,,,
73268,Fetal distress affecting management of mother,4305304,Nonreassuring fetal status,,,,,,
73268,Fetal distress affecting management of mother,4323285,Fetal disorder,,,,,,
1424365,Fetus and newborn affected by oligohydramnios,37167136,Fetal disorder due to oligohydramnios,,,,,,
37089810,"Fibromyalgia, hand",77635,Disorder of hand,,,,,,
37089810,"Fibromyalgia, hand",40405599,Fibromyalgia,,,,,,
73847,Finding of elbow joint,77960,Joint finding,,,,,,
73847,Finding of elbow joint,444221,Finding of elbow region,,,,,,
28462,Fistula of salivary gland,4048767,Oral fistula,,,,,,
28462,Fistula of salivary gland,4114483,Lesion of salivary gland,,,,,,
23653,Foreign body in esophagus,31610,Disorder of esophagus,,,,,,
23653,Foreign body in esophagus,201728,Foreign body in digestive tract,,,,,,
24230,Foreign body in larynx,31602,Disorder of the larynx,,,,,,
24230,Foreign body in larynx,4029819,Foreign body in upper respiratory tract,,,,,,
24230,Foreign body in larynx,4312766,Foreign body of neck,,,,,,
22492,Foreign body in pharynx,31057,Disorder of pharynx,,,,,,
22492,Foreign body in pharynx,201728,Foreign body in digestive tract,,,,,,
22492,Foreign body in pharynx,4029819,Foreign body in upper respiratory tract,,,,,,
37201411,"Fracture of other specified skull and facial bones, right side",4302223,Fracture of bone of head,,,,,,
73378,Frostbite of foot,441487,Frostbite,,,,,,
73378,Frostbite of foot,444130,Injury of foot,,,,,,
73383,Full thickness burn of foot,74250,Burn of foot,,,,,,
73383,Full thickness burn of foot,198645,Full thickness burn of lower limb,,,,,,
73383,Full thickness burn of foot,4344273,Soft tissue lesion of foot region,,,,,,
30274,Full thickness burn of neck,26286,Burn of neck,,,,,,
30274,Full thickness burn of neck,4028056,Disorder of skin AND/OR subcutaneous tissue of neck,,,,,,
30274,Full thickness burn of neck,42538213,Full thickness burn of head and/or neck,,,,,,
73564,Full thickness rotator cuff tear,36713625,Injury of rotator cuff,,,,,,
30437,Gastro-esophageal reflux disease with esophagitis,30753,Esophagitis,,,,,,
4277749,"Gestation period, 17 weeks",4178165,Gestation 14 - 20 weeks,,,,,,
4277749,"Gestation period, 17 weeks",4244438,Second trimester pregnancy,,,,,,
28403,Gigantism and acromegaly,4216994,Gigantism,,,,,,
28403,Gigantism and acromegaly,4253197,Acromegaly,,,,,,
45547895,"Glaucoma secondary to other eye disorders, left eye",436398,Glaucoma associated with ocular disorder,,,,,,
72562,Gonococcal spondylitis,433417,Gonorrhea,,,,,,
72562,Gonococcal spondylitis,4223530,Spondylitis,,,,,,
72562,Gonococcal spondylitis,36715562,Infection of vertebra,,,,,,
72562,Gonococcal spondylitis,37116425,Infection of musculoskeletal system caused by Neisseria gonorrhoeae,,,,,,
30333,Gonorrhea of pharynx,31057,Disorder of pharynx,,,,,,
30333,Gonorrhea of pharynx,433417,Gonorrhea,,,,,,
30333,Gonorrhea of pharynx,4193874,Bacterial infection of the digestive tract,,,,,,
30333,Gonorrhea of pharynx,4207185,Bacterial upper respiratory infection,,,,,,
37087581,"Gout arthropathy due to enzyme defects and other congenital diseases: hand [fingers, wrist, metacarpal, joints between these bones]",4035752,Gout secondary to enzyme defect,,,,,,
37402468,"Hallucinogen use, unspecified, in remission",35622958,Disorder in remission,,,,,,
37402468,"Hallucinogen use, unspecified, in remission",37162280,Disorder caused by psychoactive substance,,,,,,
23325,Heartburn,4009391,Pain in esophagus,,,,,,
23325,Heartburn,4091509,Esophageal reflux finding,,,,,,
23325,Heartburn,4264107,Burning pain,,,,,,
1102908,"Heavy chain disease, in remission",4288751,Heavy chain disease,,,,,,
1102908,"Heavy chain disease, in remission",603291,Non-Hodgkin's lymphoma in remission,,,,,,
72403,Hemarthrosis of the ankle and/or foot,76784,Hemarthrosis,,,,,,
72403,Hemarthrosis of the ankle and/or foot,40482662,Disorder of joint of ankle and/or foot,,,,,,
26727,Hematemesis,441408,Vomiting,,,,,,
26727,Hematemesis,4291649,Upper gastrointestinal bleeding,,,,,,
26942,Hemoglobin SS disease with crisis,22281,Sickle cell-hemoglobin SS disease,,,,,,
26942,Hemoglobin SS disease with crisis,4216915,Hemoglobin S sickling disorder with crisis,,,,,,
30683,Hemoglobin SS disease without crisis,22281,Sickle cell-hemoglobin SS disease,,,,,,
30683,Hemoglobin SS disease without crisis,4166115,Hemoglobin S sickling disorder without crisis,,,,,,
23988,Hemolytic anemia due to glutathione metabolism disorder,28396,Hereditary hemolytic anemia,,,,,,
44829752,Hepatitis E with hepatic coma,197490,Acute hepatitis E,,,,,,
44829752,Hepatitis E with hepatic coma,377604,Hepatic coma,,,,,,
42505980,"Hereditary disturbances in tooth structure, unspecified",606884,Hereditary disorder of tooth,,,,,,
22288,Hereditary elliptocytosis,28396,Hereditary hemolytic anemia,,,,,,
22288,Hereditary elliptocytosis,4079975,Congenital malformation,,,,,,
22288,Hereditary elliptocytosis,4122936,Erythrocyte membrane abnormality,,,,,,
22288,Hereditary elliptocytosis,4175331,Congenital hemolytic anemia,,,,,,
22288,Hereditary elliptocytosis,4180651,Developmental hereditary disorder,,,,,,
28396,Hereditary hemolytic anemia,435503,Hemolytic anemia,,,,,,
28396,Hereditary hemolytic anemia,4013074,Hemoglobin below reference range,,,,,,
28396,Hereditary hemolytic anemia,4214409,Hereditary red blood cell disorder,,,,,,
24909,Hereditary spherocytosis,28396,Hereditary hemolytic anemia,,,,,,
24909,Hereditary spherocytosis,4009785,Anemia due to membrane defect,,,,,,
24909,Hereditary spherocytosis,4077761,Autosomal hereditary disorder,,,,,,
24909,Hereditary spherocytosis,4122936,Erythrocyte membrane abnormality,,,,,,
45755391,Hordeolum and chalazion,376125,Disorder of eyelid,,,,,,
22945,Horizontal overbite,260759,Malocclusion of teeth,,,,,,
786340,"Husband, current, perpetrator of maltreatment and neglect",4113020,Finding relating to aggressive behavior,,,,,,
26378,Hyperpituitarism,23164,Disorder of anterior pituitary,,,,,,
26378,Hyperpituitarism,4223692,Increased hormone production,,,,,,
28461,Hypertrophy of salivary gland,25572,Disorder of salivary gland,,,,,,
28457,Hypertrophy of tonsils,605321,Enlargement of left tonsil,,,,,,
28457,Hypertrophy of tonsils,605322,Enlargement of right tonsil,,,,,,
28457,Hypertrophy of tonsils,4046076,Disorder of tonsil (palatine tonsil),,,,,,
31598,Hypertrophy of tonsils AND adenoids,28457,Hypertrophy of tonsils,,,,,,
31598,Hypertrophy of tonsils AND adenoids,438788,Hypertrophy of adenoids,,,,,,
24609,Hypoglycemia,30361,Hypoglycemic disorder,,,,,,
24609,Hypoglycemia,31821,Disorder of endocrine system,,,,,,
1102633,Hypoglycemia level 2,24609,Hypoglycemia,,,,,,
1102634,Hypoglycemia level 3,24609,Hypoglycemia,,,,,,
30361,Hypoglycemic disorder,4130161,Disorder of glucose regulation,,,,,,
25211,Iatrogenic pituitary disorder,23986,Disorder of pituitary gland,,,,,,
25211,Iatrogenic pituitary disorder,444199,Iatrogenic disorder,,,,,,
42494070,"Idiopathic aseptic necrosis of bone, forearm",4326828,Osteonecrosis of bone of upper limb,,,,,,
42494070,"Idiopathic aseptic necrosis of bone, forearm",37164468,Idiopathic avascular necrosis of bone,,,,,,
42619027,"Idiopathic aseptic necrosis of bone, forearm",4326828,Osteonecrosis of bone of upper limb,,,,,,
42619027,"Idiopathic aseptic necrosis of bone, forearm",37164468,Idiopathic avascular necrosis of bone,,,,,,
45601649,Idiopathic aseptic necrosis of left carpus,4326828,Osteonecrosis of bone of upper limb,,,,,,
37089999,"Idiopathic osteoporosis, upper arm",76191,Disorder of upper arm,,,,,,
37089999,"Idiopathic osteoporosis, upper arm",81390,Idiopathic osteoporosis,,,,,,
72521,Immersion foot,435119,Late effect of injury,,,,,,
72521,Immersion foot,444130,Injury of foot,,,,,,
72521,Immersion foot,4031623,Cold-induced dermatosis,,,,,,
72521,Immersion foot,36683647,Injury to skin caused by trauma,,,,,,
72521,Immersion foot,37111520,Cold injury,,,,,,
72521,Immersion foot,46269695,Lesion of skin of foot,,,,,,
42495121,"Incomplete other abortion, with other and unspecified complications (conditions in O08.3-O08.)",434413,Incomplete miscarriage with complication,,,,,,
1575278,Infection and inflammatory reaction due to internal joint prosthesis,4308690,Prosthetic joint infection,,,,,,
1575178,Infection due to central venous catheter,42537043,CLABSI - central line associated bloodstream infection,,,,,,
72410,Infection of bone,75909,Disorder of bone,,,,,,
72410,Infection of bone,4193176,Musculoskeletal infective disorder,,,,,,
45606653,Infection of kidney following delivery,192964,Infectious disorder of kidney,,,,,,
45606653,Infection of kidney following delivery,440795,Complication occurring during labor and delivery,,,,,,
45543919,"Infections of bladder in pregnancy, third trimester",4146482,Urinary tract infection in pregnancy,,,,,,
45543919,"Infections of bladder in pregnancy, third trimester",4218813,Third trimester pregnancy,,,,,,
45591868,"Infective myositis, left finger(s)",4001626,Infective myositis of hand,,,,,,
74125,Inflammatory polyarthropathy,75897,Polyarthropathy,,,,,,
74125,Inflammatory polyarthropathy,4291025,Arthritis,,,,,,
37402469,"Inhalant use, unspecified, in remission",35622958,Disorder in remission,,,,,,
37402469,"Inhalant use, unspecified, in remission",37162280,Disorder caused by psychoactive substance,,,,,,
1572809,Injury of branches of celiac and mesenteric artery,37167847,Injury of blood vessel of abdomen,,,,,,
1572665,Injury of intercostal blood vessels,317713,Injury of blood vessels of thorax,,,,,,
24818,Injury of neck,619741,Injury of head and/or neck,,,,,,
24818,Injury of neck,4042837,Disorder of neck,,,,,,
1573900,Injury of peroneal nerve at lower leg level,4106172,Traumatic injury of common peroneal nerve,,,,,,
73349,Injury of rectum without open wound into abdominal cavity,4053833,Injury of rectum,,,,,,
73349,Injury of rectum without open wound into abdominal cavity,4103995,Lesion of rectum,,,,,,
73349,Injury of rectum without open wound into abdominal cavity,4212235,Injury of intestine without open wound into abdominal cavity,,,,,,
73085,Injury of superficial femoral artery,442564,Injury of thigh,,,,,,
73085,Injury of superficial femoral artery,37118664,Injury of femoral artery,,,,,,
1576270,Insect allergy status,3661864,Allergic reaction caused by insect bite and/or insect sting,,,,,,
1411320,Intraspinal abscess and granuloma,4181187,Inflammatory disorder of head,,,,,,
72994,Jaccoud's syndrome,4189855,Chronic arthropathy,,,,,,
73845,Joint ankylosis of the shoulder region,4199576,Ankylosis of upper limb joint,,,,,,
73845,Joint ankylosis of the shoulder region,40484571,Disorder of joint of shoulder region,,,,,,
72404,Joint stiffness,4154764,Stiffness,,,,,,
72404,Joint stiffness,4182011,Finding of joint movement,,,,,,
37223683,"Juvenile idiopathic scoliosis, lumbosacral region",4067872,Adolescent idiopathic scoliosis,,,,,,
42619363,"Juvenile idiopathic scoliosis, multiple sites in spine",4067872,Adolescent idiopathic scoliosis,,,,,,
73554,Kashin-Beck disease of the pelvic region and thigh,72401,Kashin-Bek disease,,,,,,
72401,Kashin-Bek disease,4343920,Endemic osteoarthritis,,,,,,
1102673,KCNQ2-related epilepsy,36680579,KCNQ2-related epileptic encephalopathy,,,,,,
44830208,Kidney failure following abortion and ectopic and molar pregnancies,192359,Renal failure syndrome,,,,,,
44830208,Kidney failure following abortion and ectopic and molar pregnancies,435875,"Complication of pregnancy, childbirth and/or puerperium",,,,,,
44830208,Kidney failure following abortion and ectopic and molar pregnancies,444094,Finding related to pregnancy,,,,,,
72926,Labyrinthine fistula,81303,Labyrinthine disorder,,,,,,
72926,Labyrinthine fistula,4324769,Fistula,,,,,,
72926,Labyrinthine fistula,45757697,Ear lesion,,,,,,
74052,Labyrinthitis,81303,Labyrinthine disorder,,,,,,
74052,Labyrinthitis,4183452,Otitis,,,,,,
26514,Laryngeal web,31602,Disorder of the larynx,,,,,,
24969,Laryngitis,31602,Disorder of the larynx,,,,,,
24969,Laryngitis,4043671,Inflammatory disorder of upper respiratory tract,,,,,,
24969,Laryngitis,4181063,Inflammation of specific body organs,,,,,,
44831576,Late anemia of fetus or newborn due to isoimmunization,4071073,Late anemia of newborn due to isoimmunization,,,,,,
72857,Late effect of rickets,75909,Disorder of bone,,,,,,
72857,Late effect of rickets,4201705,Sequela of disorder,,,,,,
9724,"Lead-induced chronic gout, unspecified elbow",4027383,Disorder of elbow,,,,,,
9724,"Lead-induced chronic gout, unspecified elbow",607432,Chronic gout caused by lead,,,,,,
9724,"Lead-induced chronic gout, unspecified elbow",4027383,Disorder of elbow,,,,,,
72726,Light-for-dates with signs of fetal malnutrition,75639,Poor fetal nutrition,,,,,,
72726,Light-for-dates with signs of fetal malnutrition,4145947,Small for gestational age fetus,,,,,,
72990,Localized osteoarthrosis uncertain if primary OR secondary,4143463,Localized osteoarthrosis,,,,,,
42496887,"Localized swelling, mass and lump of skin and subcutaneous tissue",4102120,Swelling of skin,,,,,,
72993,"Localized, primary osteoarthritis",4143463,Localized osteoarthrosis,,,,,,
73840,"Localized, primary osteoarthritis of the shoulder region",72405,Degenerative joint disease of shoulder region,,,,,,
73840,"Localized, primary osteoarthritis of the shoulder region",72993,"Localized, primary osteoarthritis",,,,,,
73313,Longitudinal deficiency of tarsal bone,74472,Congenital deformity of foot,,,,,,
73313,Longitudinal deficiency of tarsal bone,1076497,Congenital deformity of musculoskeletal system,,,,,,
73313,Longitudinal deficiency of tarsal bone,4101637,Deformity of bone in foot,,,,,,
73313,Longitudinal deficiency of tarsal bone,4113577,Congenital undergrowth of partial lower limb,,,,,,
73313,Longitudinal deficiency of tarsal bone,4242183,Congenital abnormal shape of tarsal bone,,,,,,
73561,Loose body in joint of shoulder region,79104,Loose body in joint,,,,,,
73561,Loose body in joint of shoulder region,40484571,Disorder of joint of shoulder region,,,,,,
73012,Lordosis deformity of spine,73302,Curvature of spine,,,,,,
73012,Lordosis deformity of spine,4244662,Disorder of musculoskeletal system,,,,,,
45516780,Low vision,373786,Abnormal vision,,,,,,
45558103,"Major osseous defect, left lower leg",72986,Disorder of lower leg,,,,,,
45558103,"Major osseous defect, left lower leg",78308,Osteolysis,,,,,,
45600530,Malignant carcinoid tumor of unspecified site,1244604,"Neuroendocrine neoplasm, malignant",,,,,,
1567609,Malignant carcinoid tumors,1244536,Well-differentiated neuroendocrine tumor,,,,,,
1567609,Malignant carcinoid tumors,1244536,Well-differentiated neuroendocrine tumor,,,,,,
1567612,Malignant carcinoid tumors of other sites,1244536,Well-differentiated neuroendocrine tumor,,,,,,
73712,Malignant neoplasm of dome of urinary bladder,197508,Malignant neoplasm of urinary bladder,,,,,,
73712,Malignant neoplasm of dome of urinary bladder,42709928,Neoplasm of dome of urinary bladder,,,,,,
73153,Malignant neoplasm of lateral wall of urinary bladder,197508,Malignant neoplasm of urinary bladder,,,,,,
73153,Malignant neoplasm of lateral wall of urinary bladder,4131749,Neoplasm of lateral wall of urinary bladder,,,,,,
25189,Malignant tumor of oral cavity,436045,"Malignant neoplasm of lip, oral cavity and pharynx",,,,,,
25189,Malignant tumor of oral cavity,4123594,Tumor of oral cavity,,,,,,
22557,Malignant tumor of submandibular gland,4130378,Neoplasm of submaxillary gland,,,,,,
22557,Malignant tumor of submandibular gland,4181333,Malignant tumor of major salivary gland,,,,,,
45596980,"Maternal care for other isoimmunization, first trimester, other fetus",4129834,Pregnancy with isoimmunization,,,,,,
45596980,"Maternal care for other isoimmunization, first trimester, other fetus",4239938,First trimester pregnancy,,,,,,
45572831,"Maternal care for viable fetus in abdominal pregnancy, third trimester, fetus 5",4129027,Viable fetus in abdominal pregnancy,,,,,,
45572831,"Maternal care for viable fetus in abdominal pregnancy, third trimester, fetus 5",4129027,Third trimester pregnancy,,,,,,
45572831,"Maternal care for viable fetus in abdominal pregnancy, third trimester, fetus 5",74104,Fetal condition affecting obstetrical care of mother,,,,,,
45542656,"Mature T/NK-cell lymphomas, unspecified, lymph nodes of inguinal region and lower limb",4225982,Mature T-cell AND/OR NK cell neoplasm,,,,,,
45542656,"Mature T/NK-cell lymphomas, unspecified, lymph nodes of inguinal region and lower limb",37165866,Malignant lymphoma of lymph nodes of lower limb,,,,,,
37091617,"Medical abortion, complete or unspecified, complicated by genital tract and pelvic infection",43530910,Induced termination of pregnancy complicated by genital-pelvic infection,,,,,,
37091614,"Medical abortion, incomplete, complicated by embolism",37163809,Incomplete induced termination of pregnancy complicated by embolism,,,,,,
37082661,"Mental and behavioural disorders due to use of cannabinoids, withdrawal state with delirium",4220197,Cannabis intoxication delirium,,,,,,
37082661,"Mental and behavioural disorders due to use of cannabinoids, withdrawal state with delirium",45766641,Cannabis withdrawal,,,,,,
37613827,"Mental disorders and diseases of the nervous system complicating pregnancy, childbirth and the puerperium",4063155,"Disease of nervous system complicating pregnancy, childbirth and puerperium",,,,,,
72737,Microcalcifications of the breast,4205375,Calcification of breast,,,,,,
37200967,"Mild to moderate pre-eclampsia, complicating childbirth",439393,Pre-eclampsia,,,,,,
37200967,"Mild to moderate pre-eclampsia, complicating childbirth",440795,Complication occurring during labor and delivery,,,,,,
1575861,Military operations involving other firearms discharge,439446,Assault by military firearm,,,,,,
1405305,Mixed pediculosis and phthiriasis,4148108,Pediculosis and phthirus infections,,,,,,
1567339,Mosquito-borne viral encephalitis,372547,Viral encephalitis,,,,,,
30284,Motion sickness,31967,Nausea,,,,,,
30284,Motion sickness,4167864,Effect of exposure to physical force,,,,,,
24977,Mucocele of salivary gland,4103985,Cyst of salivary gland,,,,,,
28127,"Multiple endocrine neoplasia, type 1",30678,Polyglandular activity in multiple endocrine adenomatosis,,,,,,
28127,"Multiple endocrine neoplasia, type 1",37204336,Genetic disease,,,,,,
24612,"Multiple endocrine neoplasia, type 2",30678,Polyglandular activity in multiple endocrine adenomatosis,,,,,,
24612,"Multiple endocrine neoplasia, type 2",4006473,Autosomal dominant hereditary disorder,,,,,,
24612,"Multiple endocrine neoplasia, type 2",4176808,Hereditary disorder of endocrine system,,,,,,
24612,"Multiple endocrine neoplasia, type 2",44782478,Hereditary cancer-predisposing syndrome,,,,,,
1572787,Multiple fractures of pelvis with disruption of pelvic ring,4136722,Multiple pelvic fractures,,,,,,
73841,Multiple stiff joints,72404,Joint stiffness,,,,,,
73841,Multiple stiff joints,4323826,Limitation of joint movement,,,,,,
73001,Myositis,72618,Disorder of skeletal muscle,,,,,,
73001,Myositis,4176946,Inflammatory disorder of musculoskeletal system,,,,,,
73001,Myositis,4181063,Inflammation of specific body organs,,,,,,
73183,Myotonic disorder,72618,Disorder of skeletal muscle,,,,,,
31967,Nausea,4304916,Gastrointestinal tract finding,,,,,,
27674,Nausea and vomiting,31967,Nausea,,,,,,
27674,Nausea and vomiting,441408,Vomiting,,,,,,
27674,Nausea and vomiting,4000609,Disorder of upper gastrointestinal tract,,,,,,
24134,Neck pain,4132926,Pain finding at anatomical site,,,,,,
24134,Neck pain,4184252,Finding of neck region,,,,,,
30234,Neck sprain,24818,Injury of neck,,,,,,
30234,Neck sprain,133298,Musculoskeletal disorder of the neck,,,,,,
30234,Neck sprain,4023316,Sprain of joint,,,,,,
30234,Neck sprain,4185207,Lesion of neck,,,,,,
23304,Neck webbing,25056,Congenital anomaly of neck,,,,,,
23304,Neck webbing,132446,Congenital anomaly of skin,,,,,,
23304,Neck webbing,4185207,Lesion of neck,,,,,,
23304,Neck webbing,4266046,Disorder of skin of neck,,,,,,
23304,Neck webbing,4316083,Skin lesion,,,,,,
42493253,"Necrotising fasciitis, hand",77635,Disorder of hand,,,,,,
42493253,"Necrotising fasciitis, hand",133566,Necrotizing fasciitis,,,,,,
45592329,Neonatal aspiration of (clear) amniotic fluid and mucus with respiratory symptoms,434154,Neonatal aspiration syndrome,,,,,,
23034,Neonatal hypoglycemia,24609,Hypoglycemia,,,,,,
23034,Neonatal hypoglycemia,42537310,Neonatal metabolic disorder,,,,,,
45597087,"Neonatal jaundice due to excessive haemolysis, unspecified",1076113,Early neonatal jaundice due to excessive hemolysis,,,,,,
72578,Neoplasm of uncertain behavior of breast,81251,Neoplasm of breast,,,,,,
72578,Neoplasm of uncertain behavior of breast,4317829,Neoplasm of uncertain behavior of trunk,,,,,,
22274,Neoplasm of uncertain behavior of larynx,4055265,Neoplasm of larynx,,,,,,
22274,Neoplasm of uncertain behavior of larynx,4316607,Neoplasm of uncertain behavior of neck,,,,,,
22274,Neoplasm of uncertain behavior of larynx,4317831,Neoplasm of uncertain behavior of upper respiratory tract,,,,,,
30061,Neoplasm of uncertain behavior of major salivary gland,4054610,Neoplasm of major salivary gland,,,,,,
30061,Neoplasm of uncertain behavior of major salivary gland,4116233,Neoplasm of uncertain behavior of oral cavity,,,,,,
30061,Neoplasm of uncertain behavior of major salivary gland,40492458,Neoplasm of uncertain behavior of digestive organ,,,,,,
27516,Neoplasm of uncertain behavior of paraganglia,432582,Neoplastic disease of uncertain behavior,,,,,,
27516,Neoplasm of uncertain behavior of paraganglia,4130676,Neoplasm of paraganglion,,,,,,
22871,Neoplasm of uncertain behavior of pineal gland,132277,Neoplasm of uncertain behavior of endocrine glands and nervous system,,,,,,
22871,Neoplasm of uncertain behavior of pineal gland,4131120,Neoplasm of pineal gland,,,,,,
22871,Neoplasm of uncertain behavior of pineal gland,4315941,Neoplasm of uncertain behavior of cerebrum,,,,,,
27835,Neoplasm of uncertain behavior of pituitary gland,132277,Neoplasm of uncertain behavior of endocrine glands and nervous system,,,,,,
27835,Neoplasm of uncertain behavior of pituitary gland,4130061,Neoplasm of pituitary gland,,,,,,
27835,Neoplasm of uncertain behavior of pituitary gland,4315941,Neoplasm of uncertain behavior of cerebrum,,,,,,
37083523,Nerve root and plexus compressions in other dorsopathies,43531045,Lesion of nerve root and/or plexus,,,,,,
37083523,Nerve root and plexus compressions in other dorsopathies,4260918,Disorder of spinal region,,,,,,
35210412,Newborn affected by other maternal complications of pregnancy,37167889,Early neonatal disorder due to maternal disorder during pregnancy,,,,,,
27526,Nezelof's syndrome,29783,Severe combined immunodeficiency disease,,,,,,
786349,"Non-binary partner, current, perpetrator of maltreatment and neglect",4113020,Finding relating to aggressive behavior,,,,,,
72413,Nontraumatic rupture of muscle,605525,Nontraumatic injury,,,,,,
72413,Nontraumatic rupture of muscle,4137356,Rupture of muscle,,,,,,
73574,Nonunion of fracture,4084934,Disorder of fracture healing,,,,,,
1102646,Obesity due to disruption of MC4R pathway,37397209,Obesity due to melanocortin 4 receptor deficiency,,,,,,
1575911,Obstetric and gynecological devices associated with adverse incidents,43021248,Complication associated with genitourinary device,,,,,,
72390,Obstetric non-purulent mastitis,4170627,Mastitis - obstetric,,,,,,
30124,Obstruction of larynx,31602,Disorder of the larynx,,,,,,
30124,Obstruction of larynx,4286507,Upper respiratory tract obstruction,,,,,,
10443,"Ocular laceration without prolapse or loss of intraocular tissue, unspecified eye",372479,Laceration of eye,,,,,,
72406,Old disruption of ligament of knee other than collateral AND/OR cruciate ligaments,4032488,Old disruption of ligament of knee,,,,,,
45563138,"Oligohydramnios, second trimester, other fetus",434111,Oligohydramnios,,,,,,
45563138,"Oligohydramnios, second trimester, other fetus",4244438,Second trimester pregnancy,,,,,,
72745,Open dislocation of elbow,4053588,Traumatic dislocation of elbow joint,,,,,,
72745,Open dislocation of elbow,4053600,Open wound of elbow,,,,,,
72745,Open dislocation of elbow,4159964,Open traumatic dislocation of joint,,,,,,
73043,Open dislocation of glenohumeral joint,443457,Open dislocation of shoulder region,,,,,,
73043,Open dislocation of glenohumeral joint,4114600,Traumatic arthropathy of shoulder,,,,,,
73043,Open dislocation of glenohumeral joint,4213373,Dislocation of shoulder joint,,,,,,
72468,Open dislocation of jaw,4049957,Open wound of face,,,,,,
72468,Open dislocation of jaw,4051121,Open wound of jaw,,,,,,
72468,Open dislocation of jaw,4159964,Open traumatic dislocation of joint,,,,,,
72468,Open dislocation of jaw,4216978,Traumatic dislocation of temporomandibular joint,,,,,,
73042,Open fracture finger middle phalanx,4067970,Open fracture of phalanx of finger,,,,,,
73042,Open fracture finger middle phalanx,4174010,Fracture of middle phalanx of finger,,,,,,
73609,Open fracture of clavicle,4050089,Open wound of front wall of thorax,,,,,,
73609,Open fracture of clavicle,4167912,Shoulder fracture - open,,,,,,
73609,Open fracture of clavicle,4237458,Fracture of clavicle,,,,,,
73616,Open fracture of lunate bone of wrist,74772,Open fracture of carpal bone,,,,,,
73616,Open fracture of lunate bone of wrist,4063560,Fracture of lunate bone of wrist,,,,,,
73888,Open fracture of navicular bone of foot,4134337,Fracture of navicular,,,,,,
73888,Open fracture of navicular bone of foot,4180748,Open fracture of tarsal bone,,,,,,
72460,Open fracture of seven ribs,78574,Open fracture of multiple ribs,,,,,,
72460,Open fracture of seven ribs,4032308,Fracture of seven ribs,,,,,,
44835126,"Open fractures involving skull or face with other bones, without mention of intracranial injury, with brief [less than one hour] loss of consciousness",381135,Brief loss of consciousness,,,,,,
44835126,"Open fractures involving skull or face with other bones, without mention of intracranial injury, with brief [less than one hour] loss of consciousness",4264281,Open fracture,,,,,,
44835126,"Open fractures involving skull or face with other bones, without mention of intracranial injury, with brief [less than one hour] loss of consciousness",4302223,Fracture of bone of head,,,,,,
42498185,Open wound of vagina and vulva,4133009,Injury of female genital system,,,,,,
42498185,Open wound of vagina and vulva,4239520,Open wound of external genital organs,,,,,,
26823,Oral phase dysphagia,31317,Dysphagia,,,,,,
26823,Oral phase dysphagia,4022570,Oral cavity finding,,,,,,
26823,Oral phase dysphagia,4042502,Disease of mouth,,,,,,
74080,Orthostatic proteinuria,4128528,Asymptomatic proteinuria,,,,,,
37225260,"Osteitis condensans, hand",75920,Osteitis condensans,,,,,,
37225260,"Osteitis condensans, hand",77635,Disorder of hand,,,,,,
45587159,"Osteitis condensans, unspecified hand",75920,Osteitis condensans,,,,,,
37090828,"Osteochondrosis dissecans: pelvic region and thigh [pelvis, femur, buttocks, hips, hip joint, sacroiliac joint]",437359,Osteochondritis dissecans,,,,,,
37223852,"Osteomyelitis of vertebra, lumbosacral region",195906,Disorder of lumbar spine,,,,,,
37223852,"Osteomyelitis of vertebra, lumbosacral region",4001298,Osteomyelitis of vertebra,,,,,,
37090735,"Osteonecrosis in caisson disease, multiple sites",4069528,Osteonecrosis due to Caisson disease,,,,,,
37090735,"Osteonecrosis in caisson disease, multiple sites",45757800,Dysbaric osteonecrosis,,,,,,
37090758,"Osteonecrosis in other diseases classified elsewhere, multiple sites",4287786,Osteonecrosis,,,,,,
37225618,"Osteonecrosis in other diseases classified elsewhere, multiple sites",4287786,Osteonecrosis,,,,,,
1570780,"Other calcification of muscle, lower leg",40490403,Calcification of muscle,,,,,,
1570780,"Other calcification of muscle, lower leg",72986,Disorder of lower leg,,,,,,
42491304,"Other chondrocalcinosis, lower leg",72986,Disorder of lower leg,,,,,,
42491304,"Other chondrocalcinosis, lower leg",437064,Chondrocalcinosis,,,,,,
37225373,"Other chronic haematogenous osteomyelitis, ankle and foot",137077,Chronic osteomyelitis of ankle and/or foot,,,,,,
37225373,"Other chronic haematogenous osteomyelitis, ankle and foot",36714236,Chronic hematogenous osteomyelitis,,,,,,
37201112,"Other coma, without documented Glasgow coma scale score, or with partial score reported, 24 hours or more after hospital admission",380834,Coma,,,,,,
1102778,Other congenital malformations of aortic and mitral valves,4322316,Congenital anomaly of heart valve,,,,,,
44833743,"Other congenital or acquired abnormality of cervix, delivered, with or without mention of antepartum condition",433260,Mother delivered,,,,,,
44833743,"Other congenital or acquired abnormality of cervix, delivered, with or without mention of antepartum condition",442781,Disorder of uterine cervix,,,,,,
45755405,Other degenerative disorders of nervous system in diseases classified elsewhere,4213310,Degenerative disease of the central nervous system,,,,,,
45577672,"Other diseases of the blood and blood-forming organs and certain disorders involving the immune mechanism complicating pregnancy, second trimester",4244438,Second trimester pregnancy,,,,,,
45577672,"Other diseases of the blood and blood-forming organs and certain disorders involving the immune mechanism complicating pregnancy, second trimester",43530950,Complication occurring during pregnancy,,,,,,
42494188,"Other disorders of bone development and growth, ankle and foot",4160354,Disorder of bone development,,,,,,
42494188,"Other disorders of bone development and growth, ankle and foot",44782620,Disorder of free lower limb,,,,,,
37224191,"Other dorsalgia, occipito-atlanto-axial region",4133638,Pain in cervical spine,,,,,,
45548837,Other embolism in childbirth,440795,Complication occurring during labor and delivery,,,,,,
45548837,Other embolism in childbirth,4185607,Embolism,,,,,,
42617412,"Other forms of scoliosis, occipito-atlanto-axial region",4179319,Scoliosis of cervical spine,,,,,,
37088295,"Other idiopathic scoliosis, sacral and sacrococcygeal region",4069935,Idiopathic scoliosis,,,,,,
37088295,"Other idiopathic scoliosis, sacral and sacrococcygeal region",138841,Disorder of sacrum,,,,,,
45557973,"Other infective bursitis, left wrist",4184657,Bursitis of wrist,,,,,,
1569434,Other intraoperative cardiac functional disturbances,4180636,Cardiac complication of procedure,,,,,,
45755524,"Other meniscus derangements, Medial collateral ligament or Other and unspecified medial meniscus",75346,Derangement of meniscus,,,,,,
44834899,"Other multiple pregnancy with fetal loss and retention of one or more fetus(es), delivered, with or without mention of antepartum condition",432373,Continuing pregnancy after intrauterine death of one or more fetuses,,,,,,
1570785,"Other ossification of muscle, forearm",4196401,Muscular ossification,,,,,,
1570785,"Other ossification of muscle, forearm",136779,Disorder of forearm,,,,,,
44827989,"Other phlebitis and thrombosis complicating pregnancy and the puerperium, delivered, with mention of postpartum complication",444094,Finding related to pregnancy,,,,,,
44827989,"Other phlebitis and thrombosis complicating pregnancy and the puerperium, delivered, with mention of postpartum complication",4041280,Postpartum finding,,,,,,
45558312,"Other placental disorders, third trimester",4053583,Disorder of placenta,,,,,,
45558312,"Other placental disorders, third trimester",4129027,Third trimester pregnancy,,,,,,
45552460,"Other psychoactive substance abuse with intoxication, unspecified",607217,Psychoactive substance-induced intoxication,,,,,,
42492193,"Other recurrent vertebral subluxation, occipito-atlanto-axial region",4134176,Subluxation of joint of cervical spine,,,,,,
42492193,"Other recurrent vertebral subluxation, occipito-atlanto-axial region",4346965,Recurrent subluxation of joint,,,,,,
37223503,"Other specific joint derangements, not elsewhere classified, forearm",78228,Joint derangement,,,,,,
37223342,Other specified limb deformities - Multiple sites (machine translation),133857,Acquired deformity of limb,,,,,,
37402467,"Other stimulant use, unspecified, in remission",37164332,Nondependent psychostimulant abuse in remission,,,,,,
1569905,"Other streptococcal arthritis, hip",4197765,Bacterial arthritis of hip,,,,,,
1569905,"Other streptococcal arthritis, hip",4009329,Staphylococcal arthritis,,,,,,
44830798,Other urinary problems,4024000,Urinary system finding,,,,,,
44830798,Other urinary problems,75865,Disorder of the urinary system,,,,,,
25748,Overlapping malignant neoplasm of esophagus,197227,Overlapping malignant neoplasm of gastrointestinal tract,,,,,,
25748,Overlapping malignant neoplasm of esophagus,4181343,Malignant tumor of esophagus,,,,,,
22839,Overlapping malignant neoplasm of larynx,4178968,Malignant tumor of larynx,,,,,,
28356,Overlapping malignant neoplasm of major salivary gland,439685,Malignant neoplasm of overlapping sites of digestive system,,,,,,
28356,Overlapping malignant neoplasm of major salivary gland,4181333,Malignant tumor of major salivary gland,,,,,,
73720,Overlapping malignant neoplasm of urinary system,4169598,Malignant tumor of urinary system,,,,,,
73819,Pain of breast,77670,Chest pain,,,,,,
73819,Pain of breast,4126244,Finding of sensation of breast,,,,,,
73291,Palindromic rheumatism of ankle and/or foot,76196,Palindromic rheumatism,,,,,,
73291,Palindromic rheumatism of ankle and/or foot,4094283,Lower limb joint arthritis,,,,,,
73291,Palindromic rheumatism of ankle and/or foot,40482662,Disorder of joint of ankle and/or foot,,,,,,
73568,Palindromic rheumatism of shoulder region,76196,Palindromic rheumatism,,,,,,
73568,Palindromic rheumatism of shoulder region,1075361,Arthritis of shoulder region joint,,,,,,
30365,Panhypopituitarism,23164,Disorder of anterior pituitary,,,,,,
30365,Panhypopituitarism,4254542,Hypopituitarism,,,,,,
42617884,"Panniculitis affecting regions of neck and back, sacral and sacrococcygeal region",4273693,Panniculitis affecting sacrum,,,,,,
42490240,Papulosquamous disorders in diseases classified elsewhere,4330878,Papulosquamous dermatosis,,,,,,
73289,Pathological dislocation of multiple joints,75897,Polyarthropathy,,,,,,
73289,Pathological dislocation of multiple joints,77356,Pathological dislocation of joint,,,,,,
73571,Pathological fracture,75053,Fracture of bone,,,,,,
45567717,"Pathological fracture in neoplastic disease, right radius, subsequent encounter for fracture with delayed healing",760661,Pathological fracture of right radius due to neoplasm,,,,,,
45606390,"Pathological fracture in other disease, right ulna, subsequent encounter for fracture with delayed healing",40305987,Delayed union of fracture,,,,,,
45606390,"Pathological fracture in other disease, right ulna, subsequent encounter for fracture with delayed healing",45766902,Pathological fracture of ulna,,,,,,
45582279,"Pathological fracture, left shoulder, subsequent encounter for fracture with nonunion",73574,Nonunion of fracture,,,,,,
45582279,"Pathological fracture, left shoulder, subsequent encounter for fracture with nonunion",4117701,Pathological fracture - shoulder,,,,,,
45577400,"Pathological fracture, right femur, subsequent encounter for fracture with delayed healing",443460,Pathological fracture of femur,,,,,,
45577400,"Pathological fracture, right femur, subsequent encounter for fracture with delayed healing",40305987,Delayed union of fracture,,,,,,
45557771,"Pauciarticular juvenile rheumatoid arthritis, unspecified elbow",1076080,Juvenile idiopathic arthritis of elbow,,,,,,
22955,Perforation of esophagus,4113545,Lesion of esophagus,,,,,,
22955,Perforation of esophagus,4155764,Esophageal injury,,,,,,
22955,Perforation of esophagus,4202064,Gastrointestinal perforation,,,,,,
43531641,Permanent neonatal diabetes mellitus,193323,Neonatal diabetes mellitus,,,,,,
44833445,"Persistent migraine aura with cerebral infarction, with intractable migraine, so stated, with status migrainosus",372886,Refractory migraine with aura,,,,,,
44833445,"Persistent migraine aura with cerebral infarction, with intractable migraine, so stated, with status migrainosus",377844,Status migrainosus,,,,,,
44833445,"Persistent migraine aura with cerebral infarction, with intractable migraine, so stated, with status migrainosus",443454,Cerebral infarction,,,,,,
42486701,"Persistent mood[affective] disorder, unspe- cified",444100,Mood disorder,,,,,,
27321,Persistent vomiting,441408,Vomiting,,,,,,
27321,Persistent vomiting,4000609,Disorder of upper gastrointestinal tract,,,,,,
23799,Pharynx or nasopharynx edema,4056883,Edema of pharynx,,,,,,
1102671,Pica in adults,437839,Pica,,,,,,
25780,Pituitary dwarfism,23164,Disorder of anterior pituitary,,,,,,
25780,Pituitary dwarfism,373087,Central nervous system complication,,,,,,
25780,Pituitary dwarfism,37016351,Short stature co-occurrent and due to endocrine disorder,,,,,,
1405016,Plasmodium malariae malaria with other complications,438353,Quartan malaria,,,,,,
44829563,"Poisoning by other gases, undetermined whether accidentally or purposely inflicted",40493247,Poisoning by fumes,,,,,,
44829563,"Poisoning by other gases, undetermined whether accidentally or purposely inflicted",608027,Poisoning caused by gaseous substance,,,,,,
73318,Polydactyly of fingers,74740,Polydactyly,,,,,,
73318,Polydactyly of fingers,4051577,Congenital anomaly of finger,,,,,,
30678,Polyglandular activity in multiple endocrine adenomatosis,22856,Polyglandular dysfunction,,,,,,
30678,Polyglandular activity in multiple endocrine adenomatosis,4316507,Neoplasm of uncertain behavior of multiple endocrine glands,,,,,,
22856,Polyglandular dysfunction,4131812,Polyglandular dysfunction AND/OR related disorders,,,,,,
28179,Polyp of vocal cord or larynx,4313723,Polyp of larynx,,,,,,
72693,Poor fetal growth affecting management,74104,Fetal condition affecting obstetrical care of mother,,,,,,
72693,Poor fetal growth affecting management,4323285,Fetal disorder,,,,,,
26069,Postablative testicular hypofunction,4098451,Postsurgical testicular hypofunction,,,,,,
26069,Postablative testicular hypofunction,36717157,Testicular hypofunction following procedure,,,,,,
72717,Postoperative heterotopic calcification,4280820,Calcinosis,,,,,,
72717,Postoperative heterotopic calcification,4300243,Postoperative complication,,,,,,
1567879,Postprocedural hemorrhage of the spleen following a procedure,4209571,Splenic hemorrhage,,,,,,
1567879,Postprocedural hemorrhage of the spleen following a procedure,442019,Complication of procedure,,,,,,
1424182,Pregnant women with hyperlipidemia (machine translation),4062791,"Endocrine, nutritional and metabolic disease complicating pregnancy, childbirth and puerperium",,,,,,
1424182,Pregnant women with hyperlipidemia (machine translation),432867,Hyperlipidemia,,,,,,
1423175,Pregnant women with pelvic inflammatory disease (machine translation),4060296,Infections of the genital tract in pregnancy,,,,,,
1423175,Pregnant women with pelvic inflammatory disease (machine translation),199067,Female pelvic inflammatory disease,,,,,,
73409,Primary anal syphilis,4080334,Primary extragenital syphilis,,,,,,
73409,Primary anal syphilis,4160365,Anal infection,,,,,,
73409,Primary anal syphilis,4193166,Bacterial gastrointestinal infectious disease,,,,,,
25757,Primary malignant neoplasm of aortic body,442122,Primary malignant neoplasm of paraganglion,,,,,,
25757,Primary malignant neoplasm of aortic body,4130063,Neoplasm of aortic body,,,,,,
27235,Primary malignant neoplasm of carotid body,30346,Primary malignant neoplasm of neck,,,,,,
27235,Primary malignant neoplasm of carotid body,442122,Primary malignant neoplasm of paraganglion,,,,,,
27235,Primary malignant neoplasm of carotid body,40487047,Malignant neoplasm of carotid body,,,,,,
26638,Primary malignant neoplasm of esophagus,4179720,Primary malignant neoplasm of gastrointestinal tract,,,,,,
26638,Primary malignant neoplasm of esophagus,4181343,Malignant tumor of esophagus,,,,,,
25486,Primary malignant neoplasm of islets of Langerhans,133420,Primary malignant neoplasm of endocrine gland,,,,,,
25486,Primary malignant neoplasm of islets of Langerhans,199754,Primary malignant neoplasm of pancreas,,,,,,
25486,Primary malignant neoplasm of islets of Langerhans,4112734,Malignant tumor of endocrine pancreas,,,,,,
26052,Primary malignant neoplasm of larynx,30346,Primary malignant neoplasm of neck,,,,,,
26052,Primary malignant neoplasm of larynx,252840,Primary malignant neoplasm of upper respiratory tract,,,,,,
26052,Primary malignant neoplasm of larynx,4178968,Malignant tumor of larynx,,,,,,
30346,Primary malignant neoplasm of neck,439392,Primary malignant neoplasm,,,,,,
30346,Primary malignant neoplasm of neck,4178979,Malignant tumor of neck,,,,,,
72566,"Primary malignant neoplasm of pelvic bones, sacrum and coccyx",76914,Primary malignant neoplasm of bone,,,,,,
72566,"Primary malignant neoplasm of pelvic bones, sacrum and coccyx",198988,Primary malignant neoplasm of pelvis,,,,,,
72566,"Primary malignant neoplasm of pelvic bones, sacrum and coccyx",4089769,"Malignant neoplasm of pelvic bones, sacrum and coccyx",,,,,,
28083,Primary malignant neoplasm of pharynx,252840,Primary malignant neoplasm of upper respiratory tract,,,,,,
28083,Primary malignant neoplasm of pharynx,4177243,Malignant tumor of pharynx,,,,,,
26361,Primary malignant neoplasm of pineal gland,133420,Primary malignant neoplasm of endocrine gland,,,,,,
26361,Primary malignant neoplasm of pineal gland,380661,Primary malignant neoplasm of cerebrum,,,,,,
26361,Primary malignant neoplasm of pineal gland,4178977,Malignant tumor of pineal gland,,,,,,
24296,Primary malignant neoplasm of pituitary gland,133420,Primary malignant neoplasm of endocrine gland,,,,,,
24296,Primary malignant neoplasm of pituitary gland,380661,Primary malignant neoplasm of cerebrum,,,,,,
24296,Primary malignant neoplasm of pituitary gland,4177235,Malignant tumor of pituitary gland,,,,,,
31509,Primary malignant neoplasm of tonsil,432254,Primary malignant neoplasm of Waldeyer's ring,,,,,,
31509,Primary malignant neoplasm of tonsil,440345,Primary malignant neoplasm of lateral wall of oropharynx,,,,,,
31509,Primary malignant neoplasm of tonsil,4181339,Malignant tumor of tonsil,,,,,,
73854,Progressive myositis ossificans,4006473,Autosomal dominant hereditary disorder,,,,,,
73854,Progressive myositis ossificans,4094389,"Ectopic bone tissue, congenital",,,,,,
73854,Progressive myositis ossificans,4178826,Hereditary disorder of musculoskeletal system,,,,,,
73854,Progressive myositis ossificans,4182033,Deposition in skeletal muscle,,,,,,
73854,Progressive myositis ossificans,4185186,Lesion of skeletal muscle,,,,,,
73854,Progressive myositis ossificans,4196401,Muscular ossification,,,,,,
74126,Protrusio acetabuli of the pelvic region and thigh,77357,Intrapelvic protrusion of acetabulum,,,,,,
72988,Pyogenic arthritis of hand,80482,Suppurative arthritis,,,,,,
72988,Pyogenic arthritis of hand,4177365,Infective arthritis of joint of hand,,,,,,
73838,Pyogenic arthritis of multiple sites,80482,Suppurative arthritis,,,,,,
73838,Pyogenic arthritis of multiple sites,4266078,Infective polyarthritis,,,,,,
42616346,"Pyogenic arthritis, unspecified, Upper arm",76191,Disorder of upper arm,,,,,,
42616346,"Pyogenic arthritis, unspecified, Upper arm",80482,Suppurative arthritis,,,,,,
73300,Radial styloid tenosynovitis,4090616,Disorder of soft tissue of upper limb,,,,,,
73300,Radial styloid tenosynovitis,4181064,Inflammatory disorder of extremity,,,,,,
73300,Radial styloid tenosynovitis,4195698,Tenosynovitis,,,,,,
72984,Reactive arthritis of joint of shoulder region due to and following dysentery,1075361,Arthritis of shoulder region joint,,,,,,
72984,Reactive arthritis of joint of shoulder region due to and following dysentery,4079729,Reactive arthritis due to and following dysentery,,,,,,
1102708,"Rectal fistula, simple",4213865,Rectal fistula,,,,,,
37225820,"Recurrent and persistent haematuria, other",79864,Hematuria syndrome,,,,,,
73580,Reduction deformity of lower limb,138538,Longitudinal deficiency of limb,,,,,,
73580,Reduction deformity of lower limb,37164303,Congenital deformity of lower limb,,,,,,
73297,Resolving infantile idiopathic scoliosis,4069935,Idiopathic scoliosis,,,,,,
73754,Restless legs,193460,Disorder of lower limb,,,,,,
73754,Restless legs,35626941,Sleep related movement disorder,,,,,,
37224790,"Rheumatism, unspecified, forearm",136779,Disorder of forearm,,,,,,
37224790,"Rheumatism, unspecified, forearm",138845,Rheumatism,,,,,,
42490762,Rheumatoid arthritis with involvement of other organs and systems,80809,Rheumatoid arthritis,,,,,,
37087035,"Rheumatoid bursitis, other",134453,Bursitis,,,,,,
37087035,"Rheumatoid bursitis, other",80809,Rheumatoid arthritis,,,,,,
45548255,Rheumatoid heart disease with rheumatoid arthritis of unspecified hip,319825,Rheumatic heart disease,,,,,,
45548255,Rheumatoid heart disease with rheumatoid arthritis of unspecified hip,4116150,Rheumatoid arthritis of hip,,,,,,
45606040,Rheumatoid lung disease with rheumatoid arthritis of unspecified ankle and foot,256197,Rheumatoid lung disease,,,,,,
45606040,Rheumatoid lung disease with rheumatoid arthritis of unspecified ankle and foot,4117687,Rheumatoid arthritis - ankle and/or foot,,,,,,
45567408,Rheumatoid vasculitis with rheumatoid arthritis of left knee,4116151,Rheumatoid arthritis of knee,,,,,,
45567408,Rheumatoid vasculitis with rheumatoid arthritis of left knee,4271003,Rheumatoid vasculitis,,,,,,
1420635,Rotator cuff syndrome,4212887,Disorder of rotator cuff,,,,,,
1407758,Sacral meningioma (machine translation),135767,Benign neoplasm of spinal meninges,,,,,,
42617855,"Sacrococcygeal disorders, not elsewhere classified, sacral and sacrococcygeal region",138841,Disorder of sacrum,,,,,,
72418,Scoliosis deformity of spine,73302,Curvature of spine,,,,,,
72418,Scoliosis deformity of spine,4244662,Disorder of musculoskeletal system,,,,,,
725283,"Sedative, hypnotic or anxiolytic abuse with withdrawal",4193868,"Sedative, hypnotic AND/OR anxiolytic-related disorder",,,,,,
725283,"Sedative, hypnotic or anxiolytic abuse with withdrawal",37165425,Substance withdrawal,,,,,,
45595866,"Sedative, hypnotic or anxiolytic dependence with sedative, hypnotic or anxiolytic-induced mood disorder",4103853,"Sedative, hypnotic AND/OR anxiolytic-induced mood disorder",,,,,,
72332,Serous labyrinthitis,74052,Labyrinthitis,,,,,,
29783,Severe combined immunodeficiency disease,4180159,Hereditary disorder of immune system,,,,,,
29783,Severe combined immunodeficiency disease,4263109,Congenital immunodeficiency disease,,,,,,
29783,Severe combined immunodeficiency disease,40483560,Combined immunodeficiency disease,,,,,,
1102880,"Sezary disease, in remission",4041799,Sezary's disease,,,,,,
1102880,"Sezary disease, in remission",4142582,Malignant lymphoma in remission,,,,,,
72377,Shoulder girdle dystocia,4025199,Pelvic dystocia AND/OR uterine disorder,,,,,,
72711,Shoulder stiff,72404,Joint stiffness,,,,,,
72711,Shoulder stiff,4119632,Decreased range of shoulder movement,,,,,,
29056,Sialoadenitis,25572,Disorder of salivary gland,,,,,,
29056,Sialoadenitis,4043371,Inflammatory disorder of digestive tract,,,,,,
29056,Sialoadenitis,4181063,Inflammation of specific body organs,,,,,,
29056,Sialoadenitis,4181187,Inflammatory disorder of head,,,,,,
30441,Sialolithiasis,4114483,Lesion of salivary gland,,,,,,
30441,Sialolithiasis,4196732,Calculus finding,,,,,,
25518,Sickle cell trait,4047524,Heterozygous hemoglobinopathy,,,,,,
25518,Sickle cell trait,4214191,Hereditary hemoglobin S,,,,,,
24006,Sickle cell-hemoglobin C disease,4049095,Double heterozygous sickling disorder,,,,,,
24006,Sickle cell-hemoglobin C disease,4295183,Mixed hemoglobin disorder,,,,,,
22281,Sickle cell-hemoglobin SS disease,4031662,Anemia due to disturbance of hemoglobin synthesis,,,,,,
22281,Sickle cell-hemoglobin SS disease,4048205,Homozygous hemoglobinopathy,,,,,,
22281,Sickle cell-hemoglobin SS disease,4207240,Anemia due to intrinsic red cell abnormality,,,,,,
22281,Sickle cell-hemoglobin SS disease,4213628,Sickling disorder due to hemoglobin S,,,,,,
72421,Solitary bone cyst,80509,Bone cyst,,,,,,
26847,"Splinter of neck, without major open wound",4094328,Splinter in neck,,,,,,
42492510,"Spondylopathy in other infectious and parasitic diseases classified elsewhere, lumbosacral region",37207722,Disorder of joint of lumbosacral vertebra,,,,,,
42492510,"Spondylopathy in other infectious and parasitic diseases classified elsewhere, lumbosacral region",432250,Infectious disease,,,,,,
73889,Sprain of distal tibiofibular ligament,81151,Sprain of ankle,,,,,,
73889,Sprain of distal tibiofibular ligament,4115535,Traumatic arthropathy of tibiofibular joint,,,,,,
73045,Sprain of hand,81937,Traumatic arthropathy of the hand,,,,,,
73045,Sprain of hand,4018956,Sprain of wrist and/or hand,,,,,,
73045,Sprain of hand,4179141,Lesion of joint,,,,,,
73045,Sprain of hand,40480937,Injury of ligament of hand,,,,,,
73338,Sprain of lateral collateral ligament of knee,4207505,Sprain of knee,,,,,,
73338,Sprain of lateral collateral ligament of knee,40479766,Injury of lateral collateral ligament of knee,,,,,,
1569886,"Staphylococcal arthritis, elbow",4009329,Staphylococcal arthritis,,,,,,
1569886,"Staphylococcal arthritis, elbow",40483813,Infective arthritis of elbow,,,,,,
24974,Stenosis of larynx,4115254,Lesion of larynx,,,,,,
28060,Streptococcal sore throat,437779,Streptococcal infectious disease,,,,,,
28060,Streptococcal sore throat,4193318,Infective pharyngitis,,,,,,
28060,Streptococcal sore throat,4193874,Bacterial infection of the digestive tract,,,,,,
28060,Streptococcal sore throat,4207185,Bacterial upper respiratory infection,,,,,,
45606350,"Stress fracture, unspecified shoulder, subsequent encounter for fracture with delayed healing",40305987,Delayed union of fracture,,,,,,
45606350,"Stress fracture, unspecified shoulder, subsequent encounter for fracture with delayed healing",45771402,Stress fracture of humerus,,,,,,
35209386,Subacute and chronic vulvitis,4269221,Vulvitis,,,,,,
42618963,"Subacute osteomyelitis, ankle and foot",133853,Osteomyelitis of ankle AND/OR foot,,,,,,
42618963,"Subacute osteomyelitis, ankle and foot",4284844,Subacute osteomyelitis,,,,,,
45582380,Subluxation complex (vertebral) of abdomen and other regions,4068848,Subluxation complex (vertebral),,,,,,
37614022,Supervision of normal first pregnancy,4061424,Antenatal care: primigravida,,,,,,
42505118,"Surgical operation with formation of external stoma as the cause of abnormal reaction of the patient, or of later complication, without mention of misadventure at the time of the procedure",434547,Complication of surgical procedure,,,,,,
42505118,"Surgical operation with formation of external stoma as the cause of abnormal reaction of the patient, or of later complication, without mention of misadventure at the time of the procedure",4123283,Disorder of stoma,,,,,,
28714,Syndrome of diencephalo-hypophyseal origin,28385,Disorder of posterior pituitary,,,,,,
72712,Synovial cyst,74135,Disorder of synovial membrane,,,,,,
72712,Synovial cyst,4116964,Mass of musculoskeletal structure,,,,,,
72712,Synovial cyst,4209224,Cyst,,,,,,
72712,Synovial cyst,4344497,Soft tissue lesion,,,,,,
72712,Synovial cyst,40481517,Mass of soft tissue,,,,,,
72415,Synovial plica,74135,Disorder of synovial membrane,,,,,,
42618386,"Syphilitic bursitis, pelvic region and thigh",4001478,Syphilitic bursitis,,,,,,
42618386,"Syphilitic bursitis, pelvic region and thigh",4216972,Bursitis of hip,,,,,,
30969,Testicular hyperfunction,26935,Disorder of endocrine testis,,,,,,
30969,Testicular hyperfunction,4113644,Hypergonadism,,,,,,
26662,Testicular hypofunction,4066814,Decreased hormone production,,,,,,
26662,Testicular hypofunction,4175133,Male hypogonadism,,,,,,
30978,Thalassemia,4031662,Anemia due to disturbance of hemoglobin synthesis,,,,,,
30978,Thalassemia,4144746,Hereditary hemoglobinopathy,,,,,,
35205805,Tinea barbae and tinea capitis,135473,Dermatophytosis,,,,,,
25582,Tracheoesophageal fistula,4121300,Tracheal fistula,,,,,,
25582,Tracheoesophageal fistula,4340670,Internal esophageal fistula,,,,,,
375736,"Trachoma, active stage",380640,Trachoma,,,,,,
73555,Transient arthropathy of the pelvic region and thigh,81930,Transient arthropathy,,,,,,
35210614,"Transitory disorder of carbohydrate metabolism of newborn, unspecified",441406,Disorder of fetus and/or newborn,,,,,,
35210614,"Transitory disorder of carbohydrate metabolism of newborn, unspecified",437515,Disorder of carbohydrate metabolism,,,,,,
73307,Transverse deficiency of lower limb,201956,Congenital anomaly of lower limb,,,,,,
73307,Transverse deficiency of lower limb,37109843,Absence of lower limb,,,,,,
74124,Traumatic arthropathy,440921,Traumatic injury,,,,,,
74124,Traumatic arthropathy,4054054,Joint injury,,,,,,
72991,Traumatic arthropathy of multiple sites,74124,Traumatic arthropathy,,,,,,
72991,Traumatic arthropathy of multiple sites,75897,Polyarthropathy,,,,,,
72708,Traumatic arthropathy of the shoulder region,76611,Injury of shoulder region,,,,,,
72708,Traumatic arthropathy of the shoulder region,4162433,Traumatic arthropathy of upper extremity,,,,,,
72708,Traumatic arthropathy of the shoulder region,40484571,Disorder of joint of shoulder region,,,,,,
22820,Tuberculosis of esophagus,4341224,Bacterial esophagitis,,,,,,
22820,Tuberculosis of esophagus,4345697,Tuberculosis of gastrointestinal tract,,,,,,
73686,Tuberculosis of genitourinary system,434557,Tuberculosis,,,,,,
73686,Tuberculosis of genitourinary system,4029363,Granulomatous disorder,,,,,,
73686,Tuberculosis of genitourinary system,4159963,Inflammatory disorder of genitourinary system,,,,,,
73686,Tuberculosis of genitourinary system,4193167,Bacterial urogenital infection,,,,,,
73122,Tuberculosis of knee,4098475,Tuberculous arthritis,,,,,,
73122,Tuberculosis of knee,4159739,Arthritis of knee,,,,,,
72817,Tuberculosis of urinary organs,73686,Tuberculosis of genitourinary system,,,,,,
72817,Tuberculosis of urinary organs,197331,Disorder of urinary tract,,,,,,
72817,Tuberculosis of urinary organs,4208664,Bacterial urinary infection,,,,,,
1403401,Tuberculous hydronephrosis (machine translation),73686,Tuberculosis of genitourinary system,,,,,,
1403401,Tuberculous hydronephrosis (machine translation),433811,Hydronephrosis,,,,,,
26899,Tuberculous laryngitis,4207185,Bacterial upper respiratory infection,,,,,,
26899,Tuberculous laryngitis,4207471,Infective laryngitis,,,,,,
26899,Tuberculous laryngitis,45771090,Respiratory tuberculosis,,,,,,
45601799,"Twin pregnancy, unable to determine number of placenta and number of amniotic sacs, third trimester",441919,Twin pregnancy,,,,,,
45601799,"Twin pregnancy, unable to determine number of placenta and number of amniotic sacs, third trimester",4218813,Third trimester pregnancy,,,,,,
37200223,"Type 2 diabetes mellitus with proliferative diabetic retinopathy with macular edema, left eye",43530685,Proliferative retinopathy due to type 2 diabetes mellitus,,,,,,
37200223,"Type 2 diabetes mellitus with proliferative diabetic retinopathy with macular edema, left eye",45770830,Macular edema and retinopathy due to type 2 diabetes mellitus,,,,,,
25844,Ulcer of esophagus,4027663,Peptic ulcer,,,,,,
25844,Ulcer of esophagus,4113545,Lesion of esophagus,,,,,,
37402457,"Unspecified dementia, severe, with anxiety",441542,Anxiety,,,,,,
37402457,"Unspecified dementia, severe, with anxiety",765653,Severe dementia,,,,,,
37402457,"Unspecified dementia, severe, with anxiety",43530666,Dementia with behavioral disturbance,,,,,,
8690,"Unspecified enthesopathy, lower limb, excluding foot",4116324,Enthesopathy of lower leg and ankle region,,,,,,
1570979,"Unspecified soft tissue disorder related to use, overuse and pressure lower leg",4093228,Disorder of soft tissue of lower limb,,,,,,
1102746,"Unspecified synovitis and tenosynovitis, shoulder",4118007,Synovitis/tenosynovitis - shoulder,,,,,,
35205669,Urban rabies,377793,Rabies,,,,,,
42491566,"Varus deformity, NEC, multiple sites",37110367,Acquired varus deformity of limb,,,,,,
26908,Vincent's angina,433967,Spirochetal infection,,,,,,
26908,Vincent's angina,4193318,Infective pharyngitis,,,,,,
26908,Vincent's angina,4193874,Bacterial infection of the digestive tract,,,,,,
26908,Vincent's angina,4207185,Bacterial upper respiratory infection,,,,,,
26908,Vincent's angina,4247910,Gangrenous pharyngitis,,,,,,
26908,Vincent's angina,46273307,Infection caused by Fusobacterium,,,,,,
22666,Vomiting after gastrointestinal tract surgery,4216862,Postoperative vomiting,,,,,,
45537526,"War operations involving rubber bullets, military personnel, initial encounter",434834,War injury due to rubber bullets,,,,,,
42483858,"Zoonotic bacterial disease, unspecified",432545,Bacterial infectious disease,,,,,,
,,,,,,,,,
,,,,,,,,,
,,,,,,,,,
,,,,,,,,,
,,,,,,,,,
,,,,,,,,,
,,,,,,,,,
,,,,,,,,,
,,,,,,,,,
,,,,,,,,,
,,,,,,,,,
,,,,,,,,,
,,,,,,,,,
,,,,,,,,,
,,,,,,,,,
,,,,,,,,,
,,,,,,,,,
,,,,,,,,,
,,,,,,,,,
,,,,,,,,,
,,,,,,,,,
,,,,,,,,,
,,,,,,,,,
,,,,,,,,,
,,,,,,,,,
,,,,,,,,,
,,,,,,,,,
,,,,,,,,,
,,,,,,,,,
,,,,,,,,,
,,,,,,,,,
,,,,,,,,,
,,,,,,,,,
,,,,,,,,,
,,,,,,,,,
,,,,,,,,,
,,,,,,,,,
,,,,,,,,,
,,,,,,,,,
,,,,,,,,,
,,,,,,,,,
,,,,,,,,,
,,,,,,,,,
,,,,,,,,,
,,,,,,,,,