cleaned_term,source_code,source_term,mapped_concept_id,mapped_concept_name,mapped_rationale
"enthesopathy, lower limb, excluding foot",8690,"Unspecified enthesopathy, lower limb, excluding foot",-1,no_match,"No candidate concept specifies enthesopathy of the lower limb while explicitly excluding the foot. Concepts such as 'Enthesopathy of lower limb' (4194889) include the foot and are therefore broader than the source term, while others focus on specific sub-regions (e.g., knee, ankle) and are narrower. Consequently, there is no exact clinical equivalent among the provided targets."
"Lead-induced chronic gout, elbow",9724,"Lead-induced chronic gout, unspecified elbow",-1,no_match,"The source term specifies four key attributes: (1) gout, (2) chronic course, (3) etiology secondary to lead exposure, and (4) localization to the elbow joint. No candidate concept simultaneously contains all of these attributes. Concepts such as “Chronic gout caused by lead” or “Monoarticular chronic gout caused by lead” lack the elbow specification, while elbow-specific gout concepts attribute the disease to other causes (drug, renal impairment, primary) or do not indicate lead involvement. Therefore an exact clinical equivalent is not present among the provided targets."
"chronic gout due to renal impairment, right elbow",9770,"Chronic gout due to renal impairment, right elbow",-1,no_match,"No candidate preserves all required details. The source specifies: (1) chronic course, (2) gout secondary to renal impairment, (3) localization to the elbow, and (4) right laterality, with no statement about presence or absence of tophus. 
 - 46270464 lacks chronicity and laterality.
 - 46270418 and 46270419 include chronicity and renal etiology but add/omit tophus detail and omit right laterality (over- or under-specification).
 - 42539209 includes chronicity and right elbow but lacks the “due to renal impairment” etiology and adds tophaceous detail.
No candidate simultaneously matches chronic gout, due to renal impairment, and right elbow without adding or omitting clinical specifics. Therefore, no exact standard concept match exists."
"Pathological fracture, left ankle",9946,"Pathological fracture, left ankle",760649,Pathological fracture of left ankle,"Concept 760649 (""Pathological fracture of left ankle"") exactly matches all critical clinical details of the source term: it represents a pathological fracture, specifies the anatomical site as the ankle, and includes the left laterality. No additional specificity is introduced and no information from the source term is lost. All other candidates are either more general (lack laterality), refer to different sites, or add extra etiologic details (e.g., due to osteoporosis), so they are not exact equivalents."
"Ocular laceration without prolapse or loss of intraocular tissue, eye",10443,"Ocular laceration without prolapse or loss of intraocular tissue, unspecified eye",-1,no_match,"The source term specifies an ocular (globe) laceration expressly WITHOUT prolapse or loss of intraocular tissue. None of the candidate target concepts carry this negative qualifier. The closest generic concept 'Laceration of eye' (372479) is broader because it includes all ocular lacerations, including those with prolapse or loss, and therefore fails the required specificity rule. All other candidates either describe ruptures, include prolapse/loss, involve different ocular structures (eyelid, conjunctiva), represent procedures, or sequelae. Hence, there is no exact clinical equivalent among the provided targets."
"Penetrating wound of orbit, eye",10446,"Penetrating wound of orbit with or without foreign body, unspecified eye",4334734,Penetrating wound of orbit,"The source term specifies a penetrating wound involving the orbital region of the eye. Concept 4334734 (""Penetrating wound of orbit"") precisely represents an open/penetrating injury to the orbit, matching the anatomical location (orbit) and type of injury (penetrating wound) without adding or omitting clinical details. Other candidates are either too broad (e.g., penetrating wound of eye/eyeball) or add laterality or foreign-body detail not present in the source term. Therefore, concept 4334734 is the exact clinical equivalent."
Fracture of shoulder girdle,12399,"Fracture of unspecified shoulder girdle, part unspecified",37168846,Fracture of bone of shoulder girdle,"The source term denotes any fracture involving a bone of the shoulder girdle (clavicle or scapula) without specifying side, type, or additional detail. SNOMED concept 37168846 ""Fracture of bone of shoulder girdle"" exactly represents a fracture of a shoulder-girdle bone at the same level of specificity—no added or missing qualifiers—so it is an exact clinical equivalent. Other candidates are either broader (e.g., ""Fracture of shoulder"") or more specific (e.g., side-specific or particular bone), and therefore do not meet the criteria."
Drowning and submersion due to falling or jumping from burning watercraft,20735,Drowning and submersion due to falling or jumping from unspecified burning watercraft,-1,no_match,"The source term requires a single concept that explicitly covers BOTH mechanisms—falling OR jumping—from a burning watercraft. Available candidates are either broader (e.g., 'Accident to watercraft causing immersion') or narrower by specifying only one mechanism ('falling' OR 'jumping' from a burning ship). No candidate simultaneously includes both falling and jumping from a burning watercraft while preserving all clinical details. Therefore, no exact standard concept match exists."
Alcohol use with withdrawal delirium,725278,"Alcohol use, unspecified with withdrawal delirium",377830,Alcohol withdrawal delirium,"The source term describes delirium occurring in the setting of alcohol withdrawal. The SNOMED concept 377830 ""Alcohol withdrawal delirium"" (synonym: delirium tremens) precisely represents the same clinical condition—delirium that occurs during withdrawal from alcohol. It neither omits essential detail (still specific to alcohol withdrawal with delirium) nor adds extra specificity beyond what is stated. All other candidates are either broader (e.g., general alcohol withdrawal, substance-related delirium) or pertain to different phenomena (e.g., alcohol dependence, harmful use). Therefore, concept 377830 is an exact clinical match."
"Sedative, hypnotic or anxiolytic abuse with withdrawal",725283,"Sedative, hypnotic or anxiolytic abuse with withdrawal",-1,no_match,"The source term requires BOTH (a) abuse of sedative/hypnotic/anxiolytic agents and (b) the presence of a withdrawal state. None of the candidate concepts simultaneously cover these two elements. 
• 4193868 (Sedative, hypnotic AND/OR anxiolytic-related disorder) is too broad; it could refer to many conditions besides abuse with withdrawal.
• 43020446 (Sedative withdrawal) and 4192127 (Psychoactive substance withdrawal) capture withdrawal but say nothing about abuse.
• 442601 (Harmful pattern of use of sedative) captures abuse but not withdrawal.
• Other candidates (e.g., substance dependence, intoxication, delirium, perceptual disturbances) add or miss required details and therefore are not equivalent.
Because no candidate preserves both the abuse component and the withdrawal qualifier without adding or omitting clinical details, there is no exact match."
Cocaine use with withdrawal,725289,"Cocaine use, unspecified with withdrawal",4216493,Cocaine withdrawal,"The clinical focus of the source term is the state of cocaine withdrawal, which presumes prior cocaine use and current withdrawal symptoms. The SNOMED concept ""Cocaine withdrawal"" (ID 4216493) precisely represents this condition without adding or omitting clinically relevant details. Other candidates are either broader (e.g., general stimulant withdrawal), lack the withdrawal aspect (e.g., cocaine dependence/abuse), or add extra specifics (e.g., delirium). Therefore, 4216493 is the exact clinical equivalent."
"perpetrator of maltreatment and neglect, husband",786340,"Husband, current, perpetrator of maltreatment and neglect",-1,no_match,"None of the candidate concepts captures all required details. The source specifies: (1) role = perpetrator, (2) type of wrongdoing = maltreatment/neglect, and (3) relationship = husband. Every candidate is either too general (e.g., ‘Alleged perpetrator of abuse or violence’ lacks the husband qualifier and neglect component) or describes the victim rather than the perpetrator, or addresses only a specific form of abuse. Therefore no exact clinical equivalent is present."
"perpetrator of maltreatment and neglect, non-binary partner",786349,"Non-binary partner, current, perpetrator of maltreatment and neglect",-1,no_match,"The source term specifies a perpetrator of maltreatment/neglect who is the patient’s non-binary partner. None of the candidate SNOMED concepts encode both the perpetrator role AND the non-binary partner attribute with equivalent specificity. All available candidates are either more general (e.g., any aggressive behavior, any perpetrator of abuse, violent partner without gender specification) or describe victims rather than perpetrators. Therefore, no exact clinical equivalent is present among the provided concepts."
"Type 1 diabetes mellitus, presymptomatic, Stage 1",1102629,"Type 1 diabetes mellitus, presymptomatic, Stage 1",37174264,Diabetes mellitus type 1 stage 1,"The source term specifies type 1 diabetes mellitus that is presymptomatic and explicitly in Stage 1. SNOMED concept 37174264 ""Diabetes mellitus type 1 stage 1"" represents exactly the same clinical condition: Stage 1 of type 1 diabetes, which by definition is presymptomatic. It captures all required details (disease type and stage) without adding or omitting any information. Other candidates are either missing the stage detail (e.g., presymptomatic T1DM without stage) or represent different stages, so 37174264 is the single exact match."
"Type 1 diabetes mellitus, presymptomatic, Stage 2",1102630,"Type 1 diabetes mellitus, presymptomatic, Stage 2",37174265,Diabetes mellitus type 1 stage 2,"The source term specifies type 1 diabetes mellitus in presymptomatic Stage 2. SNOMED concept 37174265 ""Diabetes mellitus type 1 stage 2"" exactly captures the stage 2 classification of type 1 diabetes, which by definition is presymptomatic. It preserves the required specificity (stage 2) without adding or omitting clinical details. Other candidates are either missing the stage information or pertain to different contexts, so 37174265 is the single exact match."
Hypoglycemia level 2,1102633,Hypoglycemia level 2,-1,no_match,"The source term specifies a severity category (level 2 hypoglycemia, i.e., clinically significant hypoglycemia with glucose <54 mg/dL). None of the candidate concepts include this level-specific detail—they describe hypoglycemia in general, its causes, or related findings without indicating the level 2 severity threshold. Selecting any of them would either broaden or mis-specify the condition, violating the specificity requirement."
Hypoglycemia level 3,1102634,Hypoglycemia level 3,4268413,Hypoglycemic attack requiring 3rd party assistance,"In current clinical guidelines, 'Hypoglycemia level 3' denotes a severe hypoglycemic episode that impairs cognitive or physical functioning and necessitates external (third-party) assistance for recovery. The SNOMED concept 4268413 ""Hypoglycemic attack requiring 3rd party assistance"" captures exactly this definition—hypoglycemia so severe that help is needed—without adding or omitting clinical details. Other candidates are either broader (e.g., plain 'Hypoglycemia') or represent different severities or contexts (e.g., 'Hypoglycemic shock'). Therefore 4268413 is the single exact match."
Disorders of citrate metabolism,1102643,Disorders of citrate metabolism,-1,no_match,"None of the candidate concepts represents the general category of disorders involving citrate metabolism. Options are either broader metabolic disorder categories (e.g., 'Disorder of organic acid metabolism') or single, more specific enzyme deficiencies (e.g., 'Deficiency of citrate(si)-synthase'). Therefore, no exact clinical equivalent is present in the candidate list."
Obesity due to disruption of MC4R pathway,1102646,Obesity due to disruption of MC4R pathway,37397209,Obesity due to melanocortin 4 receptor deficiency,"The source term describes obesity that specifically arises from dysfunction in the melanocortin-4 receptor (MC4R) signaling pathway. The SNOMED concept 37397209 ""Obesity due to melanocortin 4 receptor deficiency"" captures the identical clinical scenario—obesity caused by loss or dysfunction of the MC4R itself, which is the defining disruption of the MC4R pathway. No additional anatomic site, severity, timing, or other etiologic detail is added, and no key element is omitted. Therefore, this concept is a precise, clinically equivalent match."
"Bulimia nervosa, mild",1102660,"Bulimia nervosa, mild",-1,no_match,"No candidate represents the specific severity qualifier ""mild"" that is part of the source term. The closest option, concept_id 438407 (""Bulimia nervosa""), is more general and omits the required severity detail, violating the rule against broadening. Other candidates describe different subtypes (purging/non-purging), remission states, or completely different eating disorders. Therefore, no exact clinical equivalent is available among the provided concepts."
Pica in adults,1102671,Pica in adults,-1,no_match,"The source term specifies occurrence of pica in adults. None of the candidate concepts capture this age specificity. ""Pica"" (Concept 437839) is broader, encompassing all ages, while ""Pica of infancy and childhood"" (Concept 4100683) is limited to children. Therefore, no exact equivalent concept is available among the provided targets."
Rumination disorder in adults,1102672,Rumination disorder in adults,36716719,Adult rumination syndrome of ingested food,"The concept ""Adult rumination syndrome of ingested food"" explicitly denotes the same clinical entity—rumination disorder occurring in adults. It preserves the adult age specification present in the source term and adds no extraneous specificity beyond the standard description of the disorder. All other candidate concepts are either broader (e.g., ""Rumination disorder"" without age qualifier) or describe different age groups or phenomena, so they do not meet the specificity requirement."
KCNQ2-related epilepsy,1102673,KCNQ2-related epilepsy,-1,no_match,"The closest candidate (concept_id 36680579, ""KCNQ2-related epileptic encephalopathy"") represents a specific severe neonatal/encephalopathic subset of KCNQ2-related epilepsies. The source term refers more broadly to any epilepsy caused by KCNQ2 variants, which also includes milder phenotypes such as self-limited familial neonatal epilepsy. Selecting the encephalopathy concept would over-specify the clinical scope, violating the requirement to maintain the same level of generality. No other candidate maintains both specificity and generality, so no exact match exists among the provided concepts."
Fat embolism of pulmonary artery with acute cor pulmonale,1102682,Fat embolism of pulmonary artery with acute cor pulmonale,-1,no_match,"The source term requires both (1) a pulmonary fat embolism and (2) concurrent acute cor pulmonale. None of the candidate concepts explicitly include both elements together. The closest options either omit the fat-embolism etiology (e.g., saddle embolus with cor pulmonale) or omit the acute cor pulmonale component (e.g., pulmonary fat embolism alone). Therefore, no exact clinical equivalent exists among the provided target concepts."
Fat embolism of pulmonary artery without acute cor pulmonale,1102684,Fat embolism of pulmonary artery without acute cor pulmonale,-1,no_match,"The source term specifies a pulmonary (fat) embolism explicitly WITHOUT acute cor pulmonale. None of the candidate concepts capture this exclusion. The closest candidate, 4119608 (Pulmonary fat embolism), does not specify the absence of acute cor pulmonale and therefore is clinically broader than the source term, violating the requirement to preserve all key details. No exact equivalent concept is available among the candidates."
"Anal fistula, complex",1102702,"Anal fistula, complex",-1,no_match,"The source term specifies a complex anal fistula, indicating a particular severity/complexity category. None of the candidate concepts explicitly represent the ‘complex’ nature: 
- Generic options such as “Anal fistula” or “Anorectal fistula” lose the key qualifier and are therefore too general (rule 1).
- Subtype options like “High anal fistula” or “Transsphincteric anal fistula” only cover certain forms of complex fistula and therefore add anatomic detail not required by the source (rule 2).
- Several candidates describe procedures rather than the disorder itself, or unrelated morphologic classes.
Because no candidate maintains the exact specificity of “complex” without adding or omitting information, no exact clinical equivalent is present."
"Rectal fistula, simple",1102708,"Rectal fistula, simple",-1,no_match,"The only disorder-level target that includes the rectum is “Rectal fistula” (4213865). That concept does not specify the qualifier “simple,” therefore it covers both simple and complex fistulas and is broader than the source term. All other disorder concepts either involve different anatomic locations (anal, perianal, anorectal) or represent procedures, observations, or morphologic descriptors. Because no target maintains the required specificity of a simple rectal fistula, an exact clinical equivalent is not available among the candidates."
"Rectal fistula, simple",1102712,"Rectal fistula, simple, unspecified",-1,no_match,"None of the candidate concepts specifies the qualifier ""simple."" The closest option, ""Rectal fistula"" (concept_id 4213865), is broader because it includes both simple and complex rectal fistulas, thereby losing the required specificity. According to the rules, selecting a more general concept is not permitted, so no exact match is available."
"Anorectal fistula, simple, recurrent",1102721,"Anorectal fistula, simple, recurrent",-1,no_match,"All available candidate concepts either (a) describe a generic anorectal fistula without the qualifiers of being simple and recurrent, or (b) refer to recurrence without specifying anorectal location. Therefore none of the targets maintains all key clinical details (location, simplicity, and recurrence) required for an exact equivalent."
"synovitis and tenosynovitis, shoulder",1102746,"Unspecified synovitis and tenosynovitis, shoulder",4118007,Synovitis/tenosynovitis - shoulder,"Concept 4118007 ""Synovitis/tenosynovitis - shoulder"" exactly captures both conditions (synovitis and tenosynovitis) and specifies the same anatomical site (shoulder) as the source term, matching its clinical meaning without adding or omitting details. All other candidates are either more general (e.g., no site specified) or do not include both conditions, so they fail the specificity/coverage requirements."
congenital malformations of aortic and mitral valves,1102778,Other congenital malformations of aortic and mitral valves,-1,no_match,"None of the candidate concepts simultaneously specify congenital malformations involving BOTH the aortic and mitral valves. Each candidate is either limited to a single valve (aortic OR mitral) or is broader, covering all heart valves or different valve groups. According to the rules, selecting a more general or a single-valve concept would lose essential specificity, so no exact match exists among the provided targets."
Progesterone receptor positive,1102831,Progesterone receptor positive status,4219694,Progesterone receptor positive tumor,"The source term indicates a clinical finding of progesterone receptor positivity, which in routine clinical usage refers to neoplastic tissue that expresses progesterone receptors (i.e., a progesterone-receptor-positive tumor). The candidate concept 4219694 ""Progesterone receptor positive tumor"" captures this meaning exactly: it represents a tumor characterized by the presence (positivity) of progesterone receptors, without adding extra details (such as specific site or assay method) that are not stated in the source term. Other candidates are procedures, measurements, substances, or specify particular sites or negative status, and therefore do not match the source term’s intended clinical finding. Hence, concept 4219694 is the exact equivalent."
Progesterone receptor negative,1102832,Progesterone receptor negative status,-1,no_match,"None of the candidate concepts express simply the negative progesterone-receptor status without adding extra clinical context. The closest candidate (concept_id 4261934 “Progesterone receptor negative neoplasm”) specifies that the finding applies to a neoplasm, which is an additional detail not present in the source term and therefore over-specifies the clinical statement. Other candidates either describe the assay itself or indicate positivity, not negativity. Consequently, no exact equivalent concept is available among the provided targets."
Hormone receptor positive,1102837,Hormone receptor positive,4167363,Hormone receptor positive tumor,"The term “Hormone receptor positive” is almost universally used in oncology to denote a neoplasm that expresses hormone receptors. The SNOMED concept 4167363 ""Hormone receptor positive tumor"" captures exactly this clinical meaning—i.e., a tumor (neoplasm) that tests positive for hormone receptors—without adding extra specificity (e.g., tumor site, receptor subtype, stage). Other candidates were either non-directional status concepts (include both positive and negative), specified receptor subtypes (estrogen/progesterone only), or represented procedures/measurements rather than the clinical finding itself. Therefore, 4167363 is the single best equivalent concept."
Hormone receptor negative,1102840,Hormone receptor negative,4230400,Hormone receptor negative neoplasm,"The source term refers to the absence of hormone receptors (e.g., ER, PR) in a tumor. SNOMED concept 4230400 ""Hormone receptor negative neoplasm"" exactly captures this clinical meaning without adding or omitting details. Other candidates are either opposite in meaning (hormone-receptor positive), limited to a specific receptor (estrogen or progesterone only), or represent assays/observables rather than the disorder itself. Therefore 4230400 is the single exact equivalent."
"Sezary disease, in remission",1102880,"Sezary disease, in remission",-1,no_match,"None of the candidate concepts capture both required elements: the specific diagnosis of Sézary disease AND its clinical state of remission. Concepts such as 'Sézary's disease' lack the remission qualifier (more general), while those that include remission (e.g., 'Malignant lymphoma in remission') are not specific to Sézary disease (more general). Therefore, no exact clinical equivalent is present among the provided targets."
Enteropathy-type (intestinal) T-cell lymphoma not having achieved remission,1102895,Enteropathy-type (intestinal) T-cell lymphoma not having achieved remission,4082627,Enteropathy-associated T-cell lymphoma,"Concept 4082627 ""Enteropathy-associated T-cell lymphoma"" has synonyms that exactly include ""Enteropathy-type T-cell lymphoma"" and ""Enteropathy type (intestinal) T-cell lymphoma,"" matching the disease subtype in the source term. SNOMED’s base disorder concept inherently denotes active disease; separate 'in remission' concepts exist when remission is present. Therefore the absence of a remission qualifier in 4082627 correctly represents ""not having achieved remission."" It preserves both the specific histologic subtype (enteropathy-associated intestinal T-cell lymphoma) and the disease status (active), making it an exact clinical equivalent. All other candidates are either too general, a different subtype, or describe remission/refractory status, so they are unsuitable."
Angioimmunoblastic T-cell lymphoma not having achieved remission,1102901,Angioimmunoblastic T-cell lymphoma not having achieved remission,-1,no_match,"The source term specifies Angioimmunoblastic T-cell lymphoma with the explicit clinical status of ""not having achieved remission."" None of the candidate concepts encode this disease status. The closest candidate (concept_id 4184976, ""Angioimmunoblastic T-cell lymphoma"") omits the remission detail, making it more general than the source and violating the specificity rule. All other candidates are either different lymphoma subtypes or generic neoplasm status terms without the specified histology. Therefore, no exact clinical equivalent is available among the provided concepts."
"Angioimmunoblastic T-cell lymphoma, in remission",1102902,"Angioimmunoblastic T-cell lymphoma, in remission",-1,no_match,"The source term specifies both a particular lymphoma subtype (angioimmunoblastic T-cell lymphoma) AND the clinical state of being in remission. None of the candidate concepts jointly include these two required elements. The closest histology-specific concept (concept_id 4184976) lacks remission status, while all remission-qualified concepts refer to different or more general lymphoma types (e.g., Hodgkin’s or non-Hodgkin’s lymphoma). Therefore no candidate is an exact clinical equivalent."
Waldenstrom macroglobulinemia not having achieved remission,1102905,Waldenstrom macroglobulinemia not having achieved remission,4098597,Waldenström macroglobulinemia,"In SNOMED CT, the concept 4098597 ""Waldenström macroglobulinemia (disorder)"" represents the presence of this malignant lymphoplasmacytic lymphoma as an active condition. Separate descendant concepts (e.g., ""Waldenström macroglobulinemia in remission"") exist for the remission state, indicating that the parent concept explicitly covers cases that are NOT in remission. Thus 4098597 exactly captures ""Waldenström macroglobulinemia not having achieved remission"" without being broader (it excludes remission) or more specific (does not add stage or refractory status). Other candidates are either too general (e.g., generic ""Disorder in remission""), too specific (recurrent or refractory disease), different semantic type (morphology), or entirely different neoplasms. Therefore 4098597 is the single appropriate match."
Heavy chain disease not having achieved remission,1102907,Heavy chain disease not having achieved remission,4288751,Heavy chain disease,"The source term describes active (not in remission) heavy chain disease. SNOMED concept 4288751 ""Heavy chain disease"" represents the clinical disorder itself; in SNOMED, remission status is modeled with separate concepts when available, so the base disorder concept corresponds to cases that have not achieved remission. It is neither broader (still specifies heavy chain disease) nor more specific (does not add subtype details). No other candidate provides the required match. Hence this is the exact clinical equivalent."
"Heavy chain disease, in remission",1102908,"Heavy chain disease, in remission",-1,no_match,"None of the candidate concepts capture both required elements: (1) the specific condition 'Heavy chain disease' and (2) its remission status. Concepts representing 'Heavy chain disease' lack the remission qualifier, while concepts that include 'in remission' are broader neoplasms and not specific to heavy-chain disease. Therefore, no exact clinical equivalent is present among the targets."
malignant immunoproliferative diseases not having achieved remission,1102913,Other malignant immunoproliferative diseases not having achieved remission,4003834,Malignant immunoproliferative disease (clinical),"The source term describes an active (not in remission) malignant immunoproliferative disease. SNOMED concept 4003834 ""Malignant immunoproliferative disease (clinical)"" represents exactly that condition—malignant immunoproliferative disease in its active state—and does not add or omit any specific subtype, site, or remission qualifier. Other candidates are either broader (e.g., Immunoproliferative neoplasm), explicitly in remission, or represent specific subtypes, so they are not exact matches. Therefore 4003834 is the precise equivalent."
malignant immunoproliferative disease not having achieved remission,1102915,"Malignant immunoproliferative disease, unspecified not having achieved remission",4003834,Malignant immunoproliferative disease (clinical),"The source term describes an active malignant immunoproliferative disease that has NOT achieved remission (i.e., ongoing disease). SNOMED concept 4003834 ""Malignant immunoproliferative disease (clinical)"" represents the same condition without specifying remission, implicitly denoting active disease. It captures both malignancy and the immunoproliferative nature, and does not add extra specificity or mismatch the remission status. Other candidates are either more general (e.g., 441523 ""Immunoproliferative neoplasm"" lacks the malignant qualifier) or contradict the active disease status by indicating remission (e.g., 4142878). Therefore, 4003834 is the exact clinical equivalent."
"Degenerative myopia with retinal detachment, left eye",1326522,"Degenerative myopia with retinal detachment, left eye",-1,no_match,"The source term requires three specific elements: (1) degenerative/high myopia, (2) retinal detachment, and (3) laterality – left eye. None of the candidate concepts contains all three components. The closest candidate, ""Retinal detachment due to high myopia"" (concept_id 37164746), includes both degenerative/high myopia and retinal detachment but lacks the required left-eye specification, making it more general than the source. Other candidates either omit the retinal detachment component or the degenerative-myopia component or the laterality. Therefore, no exact standard concept match is present among the provided candidates."
Acute right heart failure,1326602,Acute right heart failure,4233424,Acute right-sided heart failure,"The candidate concept ""Acute right-sided heart failure"" (concept_id 4233424) conveys the same clinical condition as the source term—acute failure of the right side of the heart. It matches in acuity (acute) and laterality (right-sided) without adding or omitting clinical details. Other candidates are either more specific (e.g., congestive or acute-on-chronic) or refer to different or broader conditions (left-sided or generalized heart failure). Therefore, concept_id 4233424 is the exact clinical equivalent."
Lump in the left breast,1326717,"Unspecified lump in the left breast, unspecified quadrant",760895,Mass of left breast,"Concept 760895 ""Mass of left breast"" explicitly represents a lump/mass located in the left breast, matching the side and clinical nature of the source term without adding or omitting details. Other candidates are either overly general (e.g., ""Breast lump"") or add quadrant-level specificity not present in the source term, so 760895 is the exact equivalent."
Right tubal pregnancy without intrauterine pregnancy,1326728,Right tubal pregnancy without intrauterine pregnancy,37209658,Pregnancy of right fallopian tube,"The source specifies an ectopic pregnancy located in the right fallopian tube with no concurrent intra-uterine gestation. Concept 37209658 ""Pregnancy of right fallopian tube"" represents exactly a right-sided tubal (ectopic) pregnancy, implicitly excluding an intra-uterine pregnancy. It preserves laterality and location details without adding or omitting clinical information, meeting specificity and generality requirements."
Plasma cell sarcoma,1402682,Plasma cell sarcoma (machine translation),4216139,Plasmacytoma,"The term “plasma cell sarcoma” is an older/alternative designation for a malignant solitary proliferation of plasma cells, which in current nosology is called a plasmacytoma. Concept 4216139 (Plasmacytoma – disorder) represents exactly this condition without adding or omitting clinical detail. Other candidates are either too specific (e.g., extramedullary plasmacytoma) or broader (e.g., plasma cell neoplasm, multiple myeloma). Therefore, concept 4216139 is the precise clinical equivalent."
bronchiectasis due to tuberculosis,1403158,"Tuberculosis, bronchiectasis, pathology () (machine translation)",257775,Tuberculous bronchiectasis,"The source term describes bronchiectasis that is specifically caused by tuberculosis. Concept 257775, ""Tuberculous bronchiectasis,"" precisely represents bronchiectasis resulting from (or secondary to) tuberculosis, with synonyms including ""Post-tuberculous bronchiectasis."" It perfectly preserves the etiologic detail (tuberculosis) and the condition (bronchiectasis) without adding or omitting clinical information. All other candidate concepts are either more general (e.g., ""Bronchiectasis""), focus on active TB infection rather than the sequela (e.g., ""Tuberculosis of bronchus""), or represent different conditions. Therefore, concept 257775 is the sole exact clinical equivalent."
Tuberculous hydronephrosis,1403401,Tuberculous hydronephrosis (machine translation),-1,no_match,"None of the candidate concepts explicitly include hydronephrosis. They describe tuberculosis of various urogenital structures (kidney, ureter, bladder, etc.) or strictures, infections, or other sequelae, but do not capture the key clinical detail of hydronephrosis. Choosing any of them would either broaden the meaning (e.g., Tuberculosis of kidney) or shift it to a different condition (e.g., Tuberculous pyelitis). Therefore, no exact clinical equivalent is present among the candidates."
Diphtheria laryngotracheitis,1403691,Diphtheria laryngotracheitis (machine translation),438680,Laryngeal diphtheria,"Concept 438680 (Laryngeal diphtheria) carries the synonym “Diphtheritic laryngotracheitis,” indicating SNOMED treats infection of the larynx and trachea by Corynebacterium diphtheriae as equivalent to this concept. Other candidates are either broader (e.g., Respiratory diphtheria) or describe different/anatomically incomplete sites (e.g., Tracheobronchial diphtheria). Thus 438680 is the single exact clinical equivalent."
Plasmodium malariae malaria with complications,1405016,Plasmodium malariae malaria with other complications,-1,no_match,"No candidate concept exactly represents Plasmodium malariae malaria with unspecified complications. Options are either too general (e.g., Quartan malaria lacks mention of complications) or too specific/different (e.g., Plasmodium malariae malaria with nephropathy specifies a particular complication; others involve Plasmodium falciparum or different complication types). Therefore, an exact clinical equivalent is not present among the candidates."
Mixed pediculosis and phthiriasis,1405305,Mixed pediculosis and phthiriasis,4148108,Pediculosis and phthirus infections,"The source term describes a combined infestation by Pediculus (pediculosis) and Phthirus (phthiriasis). Target concept 4148108 “Pediculosis and phthirus infections” explicitly encompasses both conditions, preserving the mixed nature and organisms involved. Other candidates are either limited to Pediculus alone (over-narrow) or broader louse infestations (over-broad). Therefore, concept 4148108 is the exact clinical equivalent."
Benign neoplasm of mouth,1407242,Benign neoplasm: Other and unspecified parts of mouth,137813,Benign neoplasm of mouth region,"The target concept ""Benign neoplasm of mouth region"" represents a benign tumor located in the mouth area and is clinically equivalent to the source term. It neither omits nor adds details (stage, site, severity, laterality) beyond what is stated in the source term, and therefore preserves the required specificity without over-specification."
Sacral meningioma,1407758,Sacral meningioma (machine translation),-1,no_match,"The source term specifies a meningioma located in the sacral portion of the spinal canal. None of the candidate concepts capture this exact anatomic specificity without being either broader (e.g., ""Spinal meningioma,"" ""Benign neoplasm of spinal meninges"") or more specific in histology/location (e.g., ""Meningothelial meningioma of cauda equina,"" ""Papillary meningioma of spinal meninges""). Therefore, no candidate is an exact clinical equivalent."
Type 2 diabetes mellitus with peripheral circulatory complications,1409178,"Type 2 diabetes mellitus, with peripheral circulatory complications",443729,Peripheral circulatory disorder due to type 2 diabetes mellitus,"Concept 443729 explicitly represents a peripheral circulatory (vascular) disorder that is a complication of type 2 diabetes mellitus, matching both the diabetes type and the specified peripheral circulatory complication in the source term without adding or omitting clinical detail."
Pituitary abscess,1409378,Pituitary abscess (machine translation),4265209,Abscess of pituitary,"Concept 4265209 ""Abscess of pituitary"" is semantically identical to the source term ""Pituitary abscess,"" referring specifically to an abscess located in the pituitary gland. It matches the exact anatomical site and condition without adding or omitting clinical details, satisfying specificity and avoiding over- or under-specification. No other candidate offers a closer or more precise equivalence."
"Mental and behavioural disorders due to opioid use, harmful use",1410337,"Mental and behavioural disorders due to use of opioids, harmful use",438130,Harmful pattern of use of opioid,"The source term corresponds to ICD-10 category F11.1, which describes a harmful pattern of opioid use causing mental and behavioural disorder, but not meeting dependence criteria. SNOMED concept 438130 ""Harmful pattern of use of opioid"" captures exactly this clinical meaning (ongoing harmful opioid use/abuse without specifying dependence or other complications). It is neither broader (does not include other substances) nor more specific (does not add withdrawal, intoxication, psychosis, dependence, or ‘non-dependent’ qualifiers). Other candidates are either too generic (e.g., disorder caused by psychoactive substance) or introduce additional details (e.g., nondependent, episode, intoxication). Hence 438130 is the exact clinical equivalent."
"Mental and behavioural disorders due to hallucinogen use, acute intoxication",1410448,"Mental and behavioural disorders due to use of hallucinogens, acute intoxication",4173746,Hallucinogen intoxication,"The source term describes acute intoxication resulting from hallucinogen use, which corresponds exactly to the SNOMED concept ""Hallucinogen intoxication"" (concept_id 4173746). This target concept captures the same clinical scenario of an acute mental/behavioral disorder due to hallucinogen use without adding or omitting specific qualifiers (e.g., no additional complications like delirium) and is neither broader nor more specific than the source term."
"Mental and behavioural disorders due to multiple drug use and other psychoactive substances, amnesic syndrome",1410524,"Mental and behavioural disorders due to multiple drug use and use of other psychoactive substances, amnesic syndrome",37312034,Amnestic disorder caused by psychoactive substance,"The source term describes an amnestic (amnesic) syndrome that is specifically induced by the use of multiple drugs and other psychoactive substances. Concept 37312034 “Amnestic disorder caused by psychoactive substance” captures exactly an amnestic disorder whose etiology is a psychoactive substance (which can include multiple substances). It preserves the key clinical details (amnestic syndrome + psychoactive substance causation) without adding or omitting specificity. All other candidates are either too broad (e.g., drug-induced without specifying psychoactive) or too narrow/specific to a particular substance (e.g., alcohol, sedative, cocaine), so they do not meet the exact-match requirement."
Sexual relationship disorder,1411019,Sexual relationship disorder,35623653,Sexual relationship problem,"The source term denotes a disturbance/difficulty within the sexual relationship between partners. The SNOMED concept 35623653 ""Sexual relationship problem"" explicitly represents problems within a sexual relationship, matching the scope and clinical intent of the source term without adding or omitting specifics. Other candidates are either broader (e.g., ""Sexual disorder"", ""Sexuality related problem"") or refer to different or more specific conditions (e.g., sexual desire, arousal, pain, abusive relationships). Therefore, concept 35623653 is the exact clinical equivalent."
Mild mental retardation,1411039,"Mild mental retardation, Without mention of impairment of behaviour",432612,Mild intellectual disability,"Concept 432612 ""Mild intellectual disability"" is clinically synonymous with ""Mild mental retardation"" (IQ 50-70). It has identical severity and scope, with no additional behavioral qualifiers, thereby preserving specificity without over- or under-specifying the source term. No other candidate offers a closer or more exact match."
Intracranial inflammatory granuloma,1411316,Intracranial inflammatory granuloma (machine translation),43530721,Intracranial granuloma,"""Intracranial granuloma"" (concept_id 43530721) exactly captures a granulomatous inflammatory lesion located within the cranium. All granulomas are, by definition, inflammatory, so the term fully preserves the clinical content of the source without adding or omitting details. Other candidates are either more specific (e.g., subdural, epidural, fungal) or involve different locations (spinal) or are too broad (general head inflammation). Therefore, 43530721 is the precise equivalent."
Intraspinal abscess and granuloma,1411320,Intraspinal abscess and granuloma,-1,no_match,"The source term specifies two distinct but related pathologies (abscess AND granuloma) occurring in the intraspinal region. None of the candidate concepts simultaneously include both conditions at that location. Candidates such as 'Spinal cord abscess' or 'Intraspinal granuloma' cover only one component, while 'Intracranial and intraspinal abscesses' omits granuloma and adds an additional location (intracranial). Therefore no exact clinical equivalent is present among the provided concepts."
Pick's disease dementia,1411507,Pick's disease dementia (machine translation),44782710,Dementia due to Pick's disease,"The source term denotes dementia caused by Pick's disease. The target concept 44782710 (""Dementia due to Pick's disease"") expresses exactly the same clinical entity—dementia that is etiologically linked to Pick’s disease—without adding or omitting details. Other candidates are either broader (e.g., Frontotemporal dementia) or add extra pathological specifics (e.g., Pick's disease with Pick bodies). Thus concept_id 44782710 is the precise match."
Pseudo-pterygium,1412542,Pseudo-pterygium (machine translation),377564,Pseudopterygium,"The SNOMED concept ""Pseudopterygium"" (concept_id 377564) exactly matches the source term in both wording and clinical meaning. It represents the same ocular condition without adding or omitting any clinical details (such as laterality or subtype). Other candidates are either more general (e.g., ""Disorder of conjunctiva"") or represent different entities (""Pterygium"", which is distinct from pseudopterygium) or add extra specificity (laterality, bilateral). Therefore, concept 377564 is the precise equivalent."
Eye tumor,1413053,Eye tumor (machine translation),4160345,Neoplasm of eye proper,"The source term denotes any tumor (benign or malignant) arising within the eye itself, without specifying laterality, malignancy, or specific intra-ocular structure. SNOMED concept 4160345 ""Neoplasm of eye proper"" is defined as a neoplasm of the eye and has synonyms including ""Tumor of eye"" that exactly match the source wording. It carries the same level of specificity (eye proper, unspecified type) and is neither broader (e.g., entire eye region) nor narrower (e.g., retina only, malignant only, unilateral). Therefore it is an exact clinical equivalent."
Rotator cuff syndrome,1420635,Rotator cuff syndrome,-1,no_match,"None of the candidate concepts is an exact equivalent. The options that include “rotator cuff syndrome” all specify laterality (right, left, bilateral), adding detail that is not present in the source term; this violates the ‘do not over-specify’ rule. The more general options such as “Disorder of rotator cuff” are broader than the source term, violating the ‘do not broaden’ rule. Therefore, no acceptable exact match is available among the candidates."
Osseous stenosis of neural canal,1421301,Osseous stenosis of neural canal,4069651,Stenosis of spinal canal due to bone,"The source term describes narrowing (stenosis) of the neural/spinal canal specifically caused by osseous (bony) structures. Concept 4069651 is ""Stenosis of spinal canal due to bone,"" which exactly captures stenosis of the spinal (neural) canal attributable to bone. It preserves the same anatomic site (spinal/neural canal) and etiology (osseous), with no added or missing specificity. Therefore it is an exact clinical equivalent."
Ectopic pregnancy shock,1423040,Ectopic pregnancy shock (machine translation),46269808,Shock due to ectopic pregnancy,"""Shock due to ectopic pregnancy"" explicitly represents shock attributable to an ectopic pregnancy, matching the source term’s combination of condition (shock) and cause (ectopic pregnancy) with identical specificity. Alternatives are narrower (postoperative, septic), broader (generic shock or ectopic pregnancy alone), or refer to different temporal relationships (""following"" rather than ""due to""). Therefore, concept_id 46269808 is the exact clinical equivalent."
Pelvic inflammatory disease in pregnancy,1423175,Pregnant women with pelvic inflammatory disease (machine translation),-1,no_match,"None of the candidate concepts exactly represent pelvic inflammatory disease occurring during pregnancy. The general PID concepts (e.g., Female pelvic inflammatory disease) lack the pregnancy qualifier, while the pregnancy-qualified concept (Salpingo-oophoritis in pregnancy) is more specific (limited to salpingo-oophoritis rather than the broader spectrum of pelvic inflammatory disease). All other candidates either specify a pathogen, acuity, post-pregnancy complication, or different condition. Therefore, no exact clinical equivalent is present in the provided list."
Delivery complicated by fetal heart rate abnormalities,1423740,Delivery complicated by fetal heart rate abnormalities (machine translation),443247,Labor and delivery complicated by fetal heart rate anomaly,"Concept 443247 explicitly states ""Labor and delivery complicated by fetal heart rate anomaly,"" which exactly mirrors the source term’s clinical meaning: a complication occurring during labor/delivery due to abnormal fetal heart rate. It preserves the setting (labor/delivery) and the nature of the complication (fetal heart rate abnormality) without adding or omitting details. All other candidates are either more specific (e.g., add meconium) or lack the delivery-complication context, so 443247 is the single equivalent concept."
Hyperlipidemia in pregnancy,1424182,Pregnant women with hyperlipidemia (machine translation),-1,no_match,"None of the candidate concepts mention hyperlipidemia or a lipid metabolism disorder complicating pregnancy. All candidates focus on different metabolic, endocrine, hepatic, or cardiovascular conditions (e.g., diabetes, thyroid disorders, liver disease). Selecting any of them would broaden or misrepresent the clinical meaning of the source term, violating the specificity requirement."
Oligohydramnios affecting fetus or newborn,1424365,Fetus and newborn affected by oligohydramnios,37167136,Fetal disorder due to oligohydramnios,"The source term describes a condition where oligohydramnios has clinical impact on the fetus or newborn. SNOMED concept 37167136 ""Fetal disorder due to oligohydramnios"" explicitly captures the pathology (oligohydramnios) and the population affected (fetus, i.e., perinatal patient). It therefore preserves both the etiologic detail (oligohydramnios) and the target population (fetus/newborn). All other candidates are either generic oligohydramnios (maternal condition), broader perinatal disorders, or unrelated conditions, and thus do not meet the exact clinical equivalence requirement."
Transitory neonatal hyperthyroidism,1425002,Transitory neonatal hyperthyroidism,4210297,Neonatal transient hyperthyroidism,"Concept 4210297 ""Neonatal transient hyperthyroidism"" is clinically identical to the source term: both describe hyperthyroidism occurring in the neonatal period that is transient/transitory. The concept’s synonyms explicitly include ""Transient neonatal hyperthyroidism,"" matching the source phrase word-for-word. No other candidate preserves both the neonatal context and the transient nature without adding or omitting clinical detail. Therefore this is the single exact equivalent."
Congenital malformation of female genitalia,1426278,"Congenital malformation of female genitalia, unspecified",4243365,Congenital anomaly of female genital system,"The target concept ""Congenital anomaly of female genital system"" (concept_id 4243365) is clinically equivalent to the source term. It captures congenital malformations/anomalies limited to the female genital system, matching both the congenital nature and the anatomical scope (female genitalia). It is neither broader (does not include male genital or non-genital systems) nor more specific (does not restrict to a particular female genital structure). Other candidates are either too specific (e.g., vulva only) or too broad (e.g., all genital organs, male included, or urogenital anomalies)."
Cardiac murmurs and cardiac sounds,1427259,Cardiac murmurs and other cardiac sounds,4114164,Finding of heart sounds,"The source term refers to the full range of findings detected on cardiac auscultation that comprise both murmurs and heart sounds. SNOMED concept 4114164 ""Finding of heart sounds"" explicitly encompasses all heart sound findings and has ""Heart murmur"" as a child, thereby including murmurs as well. It is neither broader (does not extend beyond heart sound-related findings) nor more specific (does not restrict to particular types, timing, or abnormality). Other candidates are either too narrow (e.g., ""Heart murmur"" alone) or too broad/indirect (e.g., ""Cardiac auscultation finding""). Hence 4114164 is the exact clinical equivalent."
Adverse effects of therapeutic use of mineralocorticoids,1433619,Adverse effects in the therapeutic use of mineralocorticoids,4303811,Mineralocorticoid adverse reaction,"The source describes adverse effects resulting from therapeutic use of mineralocorticoid agents. The concept 4303811 ""Mineralocorticoid adverse reaction"" explicitly represents adverse reactions caused by mineralocorticoids, matching the same drug class and context of therapeutic use. It is neither broader (e.g., all corticosteroids) nor more specific (e.g., limited to a single mineralocorticoid or specific reaction). Therefore it is an exact clinical equivalent."
Blood alcohol level less than 20 mg/100 ml,1434052,Blood alcohol level of less than 20 mg/100 ml,-1,no_match,"The source term describes a laboratory finding of a LOW (below-reference or <20 mg/100 mL) blood ethanol concentration. None of the candidate concepts capture this finding with the required specificity: those that reference ethanol in blood are either generic procedures/observables (e.g., ""Blood ethanol measurement"") or represent high/unspecified levels. Other candidates concern drinking behaviour or different specimens. Therefore no exact clinical equivalent is present in the list."
Carrier of bacterial diseases,1434357,Carrier of other specified bacterial diseases,-1,no_match,"The source term specifies a carrier state limited to bacterial diseases. None of the candidate concepts represent this exact level of specificity: 
- ""Carrier of disorder"" is too broad (includes non-infectious conditions).
- ""Carrier of infectious organism"" is broader (covers viral, fungal, protozoal, etc.).
- Other candidates refer to specific bacteria, genetic or sexually transmitted diseases, or to bacterial diseases themselves rather than the carrier state. 
Therefore no exact clinical equivalent is present among the provided target concepts."
Stillborn twins,1434620,"Twins, both stillborn",4015162,Twins - both stillborn,"The source term indicates a twin birth in which both infants are stillborn, without specifying gestational age (term vs premature) or zygosity (identical vs fraternal). The concept ""Twins - both stillborn"" (4015162) precisely captures this clinical situation with no additional or missing specificity. All other candidates add extra details (e.g., term, premature, identical/fraternal) not present in the source term, making them over-specific. Therefore, concept 4015162 is the exact clinical equivalent."
Mosquito-borne viral encephalitis,1567339,Mosquito-borne viral encephalitis,-1,no_match,"None of the candidate concepts exactly match the source term. The closest candidate, 'Arbovirus encephalitis' (concept_id 4102195), is broader because it includes all arthropod-borne viral encephalitides (e.g., tick-borne as well as mosquito-borne), whereas the source term is limited to mosquito transmission only. Other candidates are either even broader (e.g., 'Viral encephalitis') or more specific to individual viruses (e.g., 'West Nile encephalitis'). Therefore, no exact equivalent concept is present in the list."
Malignant carcinoid tumor,1567609,Malignant carcinoid tumors,1244536,Well-differentiated neuroendocrine tumor,"Concept 1244536 ""Well-differentiated neuroendocrine tumor"" is the disorder entity in SNOMED that represents malignant, well-differentiated neuroendocrine (carcinoid) neoplasms without specifying body location. It is explicitly placed under ""Neuroendocrine neoplasm, malignant"" and has synonyms ""Carcinoid tumour""/""Carcinoid tumor."" It preserves all clinical details (malignant carcinoid, unspecified site) without adding or omitting information, whereas other candidates are either site-specific (over-specified) or broader (all malignant neuroendocrine tumors)."
Malignant carcinoid tumor,1567612,Malignant carcinoid tumors of other sites,1244536,Well-differentiated neuroendocrine tumor,"The source term denotes a malignant carcinoid tumor, which by current WHO/SNOMED usage is synonymous with a well-differentiated malignant neuroendocrine (carcinoid) tumor without specification of site. Concept 1244536 ""Well-differentiated neuroendocrine tumor"" is classified under ""Neuroendocrine neoplasm, malignant"" and has synonyms including ""carcinoid tumor"". It matches the malignancy and histologic type while remaining site-unspecified, exactly mirroring the source term. All other candidates are either more specific (specify anatomic site or grade) or broader (e.g., any malignant neuroendocrine neoplasm) and therefore do not meet the exact-equivalence requirement."
Postprocedural hemorrhage of spleen,1567879,Postprocedural hemorrhage of the spleen following a procedure,-1,no_match,"No candidate concept conveys both key elements: (1) hemorrhage specifically of the spleen and (2) the post-procedural (postoperative) context. Concepts like ""Splenic hemorrhage"" lack the postprocedural qualifier, while concepts such as ""Intra-abdominal hemorrhage postprocedure"" include the procedural context but are not specific to the spleen. Therefore, no exact clinical equivalent is present among the provided targets."
Combined immunodeficiency,1567883,Other combined immunodeficiencies,40483560,Combined immunodeficiency disease,"The target concept 40483560 (""Combined immunodeficiency disease"") corresponds exactly to the source term in meaning. It denotes the same condition – a primary immune deficiency involving combined T- and B-cell defects – without adding or omitting clinical specifics such as severity (e.g., severe), genetic subtype, or associated features. Other candidates were either more general (e.g., ""Immunodeficiency disorder""), more specific (e.g., ""Severe combined immunodeficiency"" or gene-specific subtypes), or in a different domain (e.g., measurements). Hence 40483560 is the single exact clinical equivalent."
Alcohol abuse with alcohol-induced psychotic disorder,1568098,Alcohol abuse with alcohol-induced psychotic disorder,-1,no_match,"All candidate concepts either represent only the alcohol-induced psychotic disorder or only alcohol abuse (or dependence), but none captures the coexistence of alcohol abuse specifically with an alcohol-induced psychotic disorder. Selecting any of them would omit a required component or add specificity (e.g., dependence) not present in the source term. Therefore, no exact clinical equivalent is available among the provided targets."
Intraoperative cardiac functional disturbances,1569434,Other intraoperative cardiac functional disturbances,-1,no_match,"No candidate concept captures both (1) that the cardiac functional disturbance occurs intraoperatively and (2) that it can encompass any disturbance of cardiac function (not restricted to insufficiency, arrest, arrhythmia, etc.). Available candidates are either too broad (e.g., 'Cardiac complication of procedure', 'Intraoperative complication'), omit the intraoperative timing (e.g., 'Disorder of cardiac function'), or are overly specific to particular disturbances (e.g., 'Cardiac insufficiency during and/or resulting from a procedure', 'Arrhythmia during surgery'). Hence, no exact clinical equivalent is present."
Influenza due to unidentified influenza virus,1569462,Influenza due to unidentified influenza virus,4266367,Influenza,"The source term represents an infection with influenza virus where the specific viral subtype has not been identified. SNOMED concept 4266367 ""Influenza (disorder)"" is defined as disease caused by Orthomyxoviridae (influenza viruses) without specifying the subtype, thus fully capturing the clinical meaning of influenza when the precise virus is not identified. It matches the source term’s etiology and clinical scope without adding or omitting relevant detail. Other candidates are either too specific (e.g., seasonal, pandemic, subtype-specific, with complications) or describe different clinical scenarios (e.g., pneumonia and influenza, non-respiratory manifestations). Therefore, concept 4266367 is the exact equivalent."
Nasal polyp,1569476,Nasal polyp,42537251,Polyp of nasal cavity and/or nasal sinus,"The clinical phrase ”Nasal polyp” is a general term for a benign polypoid lesion arising within the nasal passages or paranasal sinuses. The SNOMED concept 42537251 ""Polyp of nasal cavity and/or nasal sinus"" exactly captures this meaning, covering polyps located in either the nasal cavity proper or the adjacent nasal sinuses. It matches the source term’s scope without adding extra details (e.g., specific site, laterality, multiplicity, or associated conditions) and is not broader than the intended meaning (it is limited to nasal/nasal-sinus sites). Other candidates are either too specific (e.g., only nasal cavity, only sinus, specific sinus, multiple polyps, surgical procedures) or unrelated. Therefore 42537251 is the single, precise equivalent concept."
"Staphylococcal arthritis, elbow",1569886,"Staphylococcal arthritis, elbow",-1,no_match,"None of the candidate concepts exactly represent staphylococcal arthritis of the elbow without additional specifications. 
- Concepts such as 'Staphylococcal arthritis' (4009329) omit the elbow location (too broad).
- 'Elbow pyogenic arthritis' (4346971) and similar infective/bacterial arthritis terms are not limited to Staphylococcus (too broad on etiology).
- Side-specific terms (37310646, 37310649) add laterality details absent in the source term (over-specific).
Therefore, no provided concept matches the source term exactly."
"Streptococcal arthritis, hip",1569905,"Other streptococcal arthritis, hip",-1,no_match,"The source term specifies both the causative organism (Streptococcus) and the anatomical site (hip) without indicating laterality. 
• Concept 4201438 ""Streptococcal arthritis"" is too broad because it omits the hip location.
• Concepts 605409 and 605410 include the correct organism and site but add laterality (right or left hip), making them more specific than the source term.
• All other candidates are either missing the Streptococcal etiology, missing the hip location, or involve a different organism.
Therefore, no candidate provides an exact clinical equivalent for ""Streptococcal arthritis, hip"" without adding or losing essential details."
"Bacterial arthritis, ankle and foot",1569915,"Arthritis due to other bacteria, ankle and foot",-1,no_match,"No candidate preserves both the specified site (ankle and foot) and the specified etiology (bacterial) without adding or omitting details. The closest candidate, ""Infective arthritis of ankle and/or foot"" (40481620), is broader because it includes non-bacterial infections, while organism-specific or laterality-specific concepts are too narrow or over-specified. Therefore, no exact clinical equivalent is available among the provided concepts."
"Calcification of muscle, lower leg",1570780,"Other calcification of muscle, lower leg",-1,no_match,"None of the candidate concepts represent precisely 'calcification of muscle of the lower leg' without adding or omitting clinical detail. Options such as 40490403 (Calcification of muscle) lack the required anatomic specificity, while 46270388 (Myositis ossificans of lower leg due to burn) and similar burn-related or paralysis-related concepts add causal information not present in the source. Concepts describing tendon calcification involve a different tissue, and broad anatomic disorders do not specify calcification. Therefore, no exact clinical equivalent is available among the provided targets."
"Ossification of muscle, forearm",1570785,"Other ossification of muscle, forearm",-1,no_match,"The source term describes ossification (myositis ossificans) of muscle specifically located in the forearm, with no etiology stated.  • 4196401 ""Muscular ossification"" and 40490403 ""Calcification of muscle"" are more general—they omit the forearm location.  • 46273643 ""Myositis ossificans of forearm due to burn"" matches location and pathology but adds an etiology (burn) not present in the source term, making it over-specific.  • All other candidates either lack the ossification component or refer to different sites or additional details.  Therefore no candidate provides an exact clinical equivalent."
Infective tenosynovitis,1570851,Other infective (teno)synovitis,4347179,Infection of tendon sheath,"The source term denotes an infection of the tendon sheath (tenosynovitis caused by an infectious agent) without specifying organism, site, or severity. Concept 4347179 ""Infection of tendon sheath"" is synonymous with an infective (infectious) tenosynovitis and carries the same level of specificity—an infection located in the tendon sheath. Other candidates are either broader (e.g., non-specific synovitis/tenosynovitis) or more specific (e.g., bacterial, suppurative, gonococcal), so they do not meet the exact‐equivalence requirement."
"Soft tissue disorder related to use, overuse and pressure, lower leg",1570979,"Unspecified soft tissue disorder related to use, overuse and pressure lower leg",-1,no_match,"The source term specifies a soft tissue disorder of the lower leg with a defined etiology (use, overuse and pressure). All candidate concepts are either (a) too broad, lacking the etiologic qualifier (e.g., generic soft-tissue disorders of lower limb), (b) too broad or anatomically different (upper limb, whole lower limb), or (c) over-specified with laterality or specific injury types. None of the candidates preserve both the anatomical site (lower leg) and the etiologic specification (related to use, overuse and pressure). Therefore, no exact equivalent concept is present among the candidates."
"Osteopathy after poliomyelitis, hand",1571345,"Osteopathy after poliomyelitis, hand",435055,Poliomyelitis osteopathy of the hand,"The target concept ""Poliomyelitis osteopathy of the hand"" exactly matches the source term in etiology (post-poliomyelitis), condition type (osteopathy), and anatomical location (hand). It is neither broader nor more specific than the source term, fulfilling all matching rules."
"Chondromalacia, hip",1571440,"Chondromalacia, hip",-1,no_match,"No candidate maintains the same level of specificity as the source term.
1. Concepts 42535174 and 42535175 (left or right hip) and 37169515 (bilateral hips) add laterality not present in the source, making them too specific.
2. Concept 4181454 (Articular cartilage disorder of hip) is more general than chondromalacia, encompassing multiple cartilage disorders beyond chondromalacia.
3. Concept 438531 (Chondromalacia) lacks the specified hip location, making it too broad.
All other candidates differ further in location or condition. Therefore, no exact clinical equivalent exists among the provided concepts."
Continuing pregnancy after intrauterine death of fetus,1571758,Continuing pregnancy after intrauterine death of one fetus or more,432373,Continuing pregnancy after intrauterine death of one or more fetuses,"Concept 432373 (""Continuing pregnancy after intrauterine death of one or more fetuses"") represents the identical clinical situation: a pregnancy that is ongoing despite an intrauterine fetal demise. The wording ""one or more fetuses"" subsumes the single-fetus scenario described in the source term without adding unrelated specificity or altering the clinical meaning. Other candidates are either more specific (e.g., restricted to twin pregnancies) or describe different contexts (e.g., supervision, fetal death affecting maternal management). Therefore, 432373 is the exact clinical equivalent."
Umbilical hemorrhage of newborn,1572015,Umbilical hemorrhage of newborn,438259,Umbilical hemorrhage after birth,"The target concept ""Umbilical hemorrhage after birth"" (Concept 438259) explicitly refers to umbilical hemorrhage occurring in the neonatal period. It has parent concepts ""Hemorrhage of newborn"" and ""Disorder of neonatal umbilicus,"" confirming the newborn context. It matches the source term in anatomic site (umbilical), clinical event (hemorrhage), and patient age (newborn/after birth) without adding or omitting clinically relevant details. Other candidates are either broader (e.g., ""Umbilical hemorrhage"" without age specification) or more specific (e.g., ""Massive"" hemorrhage). Therefore, Concept 438259 is the exact clinical equivalent."
Congenital lens malformations,1572055,Congenital lens malformations,4027702,Congenital anomaly of lens,"The source term denotes any developmental malformation/anomaly of the crystalline lens. SNOMED concept 4027702 ""Congenital anomaly of lens"" has synonyms including ""Congenital malformation of lens,"" matching exactly in scope and meaning. All clinical details (congenital onset, lens localization, malformation/anomaly nature) are preserved without adding or omitting specificity. Other candidates are either more specific subtypes (e.g., congenital ectopic lens, congenital aphakia) or broader categories (e.g., congenital anomaly of eye), so they are not exact equivalents."
Dysphasia and aphasia,1572249,Dysphasia and aphasia,440424,Aphasia,"The source term refers to language impairment described variably as ‘dysphasia’ or ‘aphasia’. In SNOMED, concept 440424 ""Aphasia"" has synonyms that include ""Dysphasia"" and represents the clinical entity of impaired language function regardless of degree. Therefore it fully encompasses both terms in the source without adding or omitting clinical detail. Other candidates are either broader (e.g., include agnosia, dyslexia, apraxia) or narrower/sub-types. Thus concept_id 440424 is the exact clinical equivalent."
Systemic inflammatory response syndrome of non-infectious origin,1572266,Systemic inflammatory response syndrome (SIRS) of non-infectious origin,44784134,Non-infectious systemic inflammatory response syndrome,"Concept 44784134 ""Non-infectious systemic inflammatory response syndrome"" exactly captures a systemic inflammatory response syndrome whose etiology is non-infectious and does not add or omit qualifiers such as presence/absence of organ failure. Other candidates are either more general (include infectious causes) or more specific (stipulate organ failure status), so 44784134 is the single precise clinical equivalent."
Contusion of eyeball and orbital tissues,1572403,Contusion of eyeball and orbital tissues,433911,Contusion of eye AND ocular adnexa,"The source term describes a bruise involving BOTH the eyeball (globe) and the surrounding orbital/ocular adnexal tissues. The SNOMED concept 433911 ""Contusion of eye AND ocular adnexa"" explicitly represents a contusion simultaneously affecting the globe and the adjacent orbital/ocular adnexal structures. It preserves all clinical details (location and injury type) without adding or omitting specificity. All other candidates are either limited to the globe, limited to orbital tissues, or are broader/unspecified, therefore do not meet the exact equivalence requirement."
Injury of intercostal blood vessels,1572665,Injury of intercostal blood vessels,-1,no_match,"The source term refers to any injury (unspecified mechanism) involving either artery, vein, or both intercostal vessels. 
• 317713 ""Injury of blood vessels of thorax"" is broader (includes many thoracic vessels beyond intercostal).
• 42536772 ""Laceration of intercostal blood vessel"" is more specific (restricts mechanism to laceration).
• 317712 ""Injury of intercostal artery"" and 442309 ""Injury of intercostal vein"" are each narrower (single vessel type only).
• All remaining candidates are either broader (e.g., chest injuries, multiple thoracic vessels) or unrelated.
No candidate exactly matches the unspecified injury of any intercostal blood vessel(s), so no suitable standard concept exists among the provided options."
Multiple fractures of pelvis with disruption of pelvic ring,1572787,Multiple fractures of pelvis with disruption of pelvic ring,-1,no_match,"The source term requires BOTH (1) multiple pelvic fractures and (2) disruption of the pelvic ring, without specifying whether the fractures are open or closed. No candidate concept satisfies exactly these two criteria without adding extra specificity (e.g., specifying open or closed fractures, compression pattern, stability) or omitting one criterion (e.g., only disruption or only multiple fractures). Therefore, no exact clinical equivalent is present among the candidate concepts."
Injury of branches of celiac and mesenteric artery,1572809,Injury of branches of celiac and mesenteric artery,-1,no_match,"None of the candidate concepts simultaneously specify injury to both the branches of the celiac artery and the mesenteric artery. Each candidate is either limited to one of these arterial systems (e.g., Injury of branch of celiac axis, Injury of primary branch of superior mesenteric artery) or is overly broad (e.g., Injury of blood vessel of abdomen, Injury of systemic artery of trunk). Therefore, no candidate fully preserves the specificity of the source term without being broader or narrower."
Fracture of navicular [scaphoid] bone of wrist,1573395,Unspecified fracture of navicular [scaphoid] bone of wrist,4137945,Fracture of scaphoid bone of wrist,"Concept 4137945 ""Fracture of scaphoid bone of wrist"" directly represents a fracture of the scaphoid (navicular) bone in the wrist, with no added details about laterality or fracture type, matching the source term exactly. All other candidates are either more specific (open/closed fractures, laterality, associated dislocations) or refer to different bones/locations, violating specificity or generality rules."
Injury of peroneal nerve at lower leg level,1573900,Injury of peroneal nerve at lower leg level,-1,no_match,"No candidate concept preserves both required details: peroneal nerve involvement AND explicit specification of lower-leg level. Concepts that specify the peroneal nerve (e.g., Traumatic injury of common peroneal nerve, Peroneal nerve injury) do not restrict the injury to the lower leg, making them broader than the source term. Concepts that specify lower-leg level either omit the peroneal nerve or add extra detail (e.g., deep branch, closed injury), making them non-equivalent. Therefore, no exact clinical match exists among the provided candidates."
Corrosion of cornea and conjunctival sac,1574545,Corrosion of cornea and conjunctival sac,-1,no_match,"The source term denotes a chemical (corrosive) burn involving BOTH the cornea and conjunctival sac, without specifying the chemical type. 
• Concepts that include any burn (thermal or chemical) such as ""Burn of cornea and conjunctival sac"" are broader. 
• Concepts limited to the cornea alone or conjunctival sac alone are too narrow. 
• Concepts specifying acid or alkaline burns are more specific than the source. 
No candidate precisely matches the chemical nature and combined anatomical scope without over- or under-specification, so no exact equivalent is present."
Infection due to central venous catheter,1575178,Infection due to central venous catheter,-1,no_match,"No candidate concept exactly matches an unspecified infection due to a central venous catheter. Options are either too specific (e.g., bloodstream infection, sepsis, exit-site or tunnel-site infection) or too broad (e.g., infection of any vascular catheter/device). Therefore, no exact clinical equivalent is present in the candidate list."
Infection and inflammatory reaction due to internal joint prosthesis,1575278,Infection and inflammatory reaction due to internal joint prosthesis,-1,no_match,"None of the candidate concepts is an exact equivalent. The closest options are: 1) concept_id 440276, which covers infection and/or inflammatory reaction but is broader because it includes *any* internal prosthetic device, implant or graft, not specifically a joint prosthesis; 2) concept_id 4308690, which is limited to infection of a prosthetic joint and therefore is narrower, excluding non-infectious inflammatory reactions. All other candidates are either even broader, relate to other body systems, or are overly specific to particular joints or fixation devices. Therefore there is no exact clinical match in the provided list."
Military operations involving firearms discharge,1575861,Military operations involving other firearms discharge,-1,no_match,"None of the candidate concepts is an exact clinical or event equivalent. Concepts such as ""Operations of war"" are broader because they include any type of warfare, not specifically those with firearms discharge, while others (e.g., ""Assault by military firearm"", ""War injuries due to bullets and fragments"") focus on injury or assault rather than the broader circumstance of a military operation involving firearm use. Therefore, no candidate preserves the exact scope and meaning of the source term without being either broader or more specific."
Adverse incident due to obstetric and gynecological devices,1575911,Obstetric and gynecological devices associated with adverse incidents,-1,no_match,"None of the candidate concepts preserves the full specificity of the source term. The source requires (1) an adverse device-related event/incident (not merely a general medical accident or a procedure), and (2) the device must be obstetric or gynecological. 

• 43021974 “Complication associated with device”, 4320824 “Adverse effect of prosthetic device”, and 42536720 “Injury due to and following implantation of device” are too broad—they cover all devices, not specifically obstetric/gynecological.  
• 43021248 “Disorder associated with urogenital device” is still broader (includes male genitourinary devices) and refers to established disorders rather than incidents.  
• 42539464 and 43021250 focus on other device categories or injuries unrelated to the full obstetric-device context.  
• The remaining candidates are ICD-10-PCS procedure codes or administrative findings, not clinical condition concepts describing an adverse incident with obstetric or gynecological devices. 

Because no candidate concept exactly matches an adverse incident specifically attributable to obstetric and gynecological devices, no suitable match exists."
Orthopedic device associated with adverse incident,1575914,Orthopedic devices associated with adverse incidents,43021250,Complication associated with orthopedic device,"The source term denotes any adverse/complication event related to an orthopedic (orthopaedic) device. SNOMED concept 43021250 ""Complication associated with orthopedic device"" captures exactly this meaning, covering all untoward incidents linked to an orthopedic device. It preserves the same scope—no added specificity (e.g., type of complication) and not broader (limited to orthopedic devices). Other candidates are either broader (e.g., complications of any device) or narrower (specific types of complications) or unrelated (procedures, events). Hence 43021250 is the exact clinical equivalent."
Contact with hazards in the physical environment,1576184,Contact with and (suspected) exposure to hazards in the physical environment,4309405,Environment contains physical hazards,"The source term refers broadly to an individual being in contact with hazards that are physical in nature and present in the environment. SNOMED concept 4309405 ""Environment contains physical hazards (finding)"" captures the same clinical idea: it denotes the presence of physical hazards in the person’s surroundings, implying potential contact/exposure. It matches the source term’s scope without being more general (it is limited to physical hazards) or more specific (does not specify a particular hazard or setting), making it a clinically equivalent concept."
Insect allergy,1576270,Insect allergy status,-1,no_match,"None of the candidate concepts represents a general allergy to insects. Options are either too broad (e.g., “Allergic disposition”), too narrow (e.g., “Allergic reaction caused by insect bite and/or insect sting,” “Allergic rhinitis caused by insects”), or are substances/procedures/events rather than the clinical condition itself. Therefore, no exact clinical equivalent is available among the provided targets."
"Infection of obstetric surgical wound, superficial incisional site",1595653,"Infection of obstetric surgical wound, superficial incisional site",37208108,Infection of superficial obstetric surgical wound,"Concept 37208108 ""Infection of superficial obstetric surgical wound"" explicitly captures all key elements of the source term: 1) infection, 2) obstetric surgical wound, and 3) superficial/incisional site. It is neither broader (does not drop obstetric or superficial details) nor narrower (does not add specifics like C-section only or laterality). Therefore it is an exact clinical match."
Encephalopathy in endocrine and metabolic disorders,21013352,Encephalopathy in endocrine and metabolic disorders classified elsewhere (machine translation),372892,Metabolic encephalopathy,"The source term describes encephalopathy that results from disturbances inherent to endocrine or metabolic disorders. SNOMED concept 372892 ""Metabolic encephalopathy"" represents brain dysfunction caused by metabolic abnormalities, a category that conventionally includes encephalopathies secondary to endocrine derangements (e.g., hypoglycemia, thyroid coma). It captures the same etiologic class (metabolic/endocrine) without adding extra specificity (e.g., toxic cause) or losing required detail. Other candidates are either broader (""Disorder of brain""), narrower or off-focus (e.g., ""Hepatic encephalopathy"", ""Hypoglycemic encephalopathy""), or introduce additional etiologies (""Toxic metabolic encephalopathy""). Therefore, concept 372892 is the exact clinical equivalent."
Subacute combined cord degeneration,35104073,Subacute combined cord degeneration,140099,Subacute combined degeneration of spinal cord,"The target concept ""Subacute combined degeneration of spinal cord"" is clinically identical to the source term. It captures the same pathological process (SACD) involving the spinal cord, without adding or omitting any specificity. No other candidate provides a closer or more exact match."
Small cell lymphocytic lymphoma,35124545,Small cell lymphocytic lymphoma,4119130,Malignant lymphoma - small lymphocytic,"Concept 4119130 ""Malignant lymphoma - small lymphocytic"" has the exact clinical meaning of small (cell) lymphocytic lymphoma (SLL); the term itself and its synonyms include ""Small lymphocytic lymphoma"". It is neither broader (still specifies the lymphocytic small-cell subtype) nor more specific (does not add stage, site, or other qualifiers) than the source term. Other candidates are either broader (general low-grade B-cell, non-Hodgkin) or represent related but distinct entities (e.g., CLL, diffuse pattern). Therefore 4119130 is the precise match."
Urban rabies,35205669,Urban rabies,-1,no_match,"The source term specifies the urban (dog-maintained) form of rabies. None of the candidate concepts encode this epidemiologic qualifier. The general term “Rabies” (Concept 377793) is broader and lacks the urban specification, while other candidates (e.g., “Sylvatic rabies,” “Human rabies,” or status qualifiers such as suspected/probable/confirmed rabies) either describe different reservoirs, hosts, or add context not present in the source term. Therefore, no exact clinically equivalent standard concept is available among the candidates."
Tinea barbae and tinea capitis,35205805,Tinea barbae and tinea capitis,-1,no_match,"The source term denotes the simultaneous presence of two distinct dermatophyte infections (tinea barbae AND tinea capitis). All candidate concepts are either: 1) specific to only one of the two infections (e.g., ""Tinea barbae"" or ""Tinea capitis"" alone), or 2) broader categories such as ""Dermatophytosis"" that do not preserve the explicit specification of both anatomical sites. No candidate represents exactly the combined condition, so no exact match exists."
Cutaneous chromomycosis,35205856,Cutaneous chromomycosis,4080755,Cutaneous chromoblastomycosis,"The historical term ""chromomycosis"" is synonymous with ""chromoblastomycosis."" Adding the qualifier ""cutaneous"" specifies skin involvement, which is exactly captured by the SNOMED concept ""Cutaneous chromoblastomycosis"" (4080755). This concept preserves all clinical details (skin location, disease type) without adding or omitting information, making it an exact clinical equivalent. Other candidates are either subtypes (e.g., lymphocutaneous chromoblastomycosis) or unrelated fungal conditions, and therefore are not appropriate matches."
Benign lipomatous neoplasm of intrathoracic organs,35206544,Benign lipomatous neoplasm of intrathoracic organs,433167,Lipoma of intrathoracic organs,"Concept 433167 (""Lipoma of intrathoracic organs"") is a benign lipomatous (fat) tumor located specifically within intrathoracic organs, matching both the benign lipomatous nature and the anatomical location of the source term. Other candidates are either broader (e.g., benign neoplasm of intrathoracic organs) or different in location or histology, thus violating specificity requirements."
Benign lipomatous neoplasm of intra-abdominal organs,35206545,Benign lipomatous neoplasm of intra-abdominal organs,196654,Lipoma of intra-abdominal organs,"Concept 196654 ""Lipoma of intra-abdominal organs"" represents a benign lipomatous tumor (lipoma and related benign adipocytic variants) located within intra-abdominal organs, matching both the histologic type (benign lipomatous neoplasm) and the anatomical location specified in the source term. It is neither broader (it retains the lipomatous nature) nor narrower (its hierarchy includes other benign lipomatous subtypes beyond simple lipoma), making it an exact clinical equivalent."
Amnestic disorder due to known physiological condition,35207115,Amnestic disorder due to known physiological condition,36712678,Amnestic disorder associated with general medical condition,"The source term describes an amnestic disorder secondary to an identified physiological (general medical) condition. Concept 36712678 ""Amnestic disorder associated with general medical condition"" captures the same etiological relationship and clinical specificity without adding or omitting details. Other candidates are either broader (e.g., ""Amnestic disorder"" without cause) or differently specified (e.g., due to drug or multiple factors). Hence concept 36712678 is the exact clinical equivalent."
disorders of choroid,35207549,Other specified disorders of choroid,432620,Disorder of choroid of eye,"The source term refers broadly to any pathological condition of the choroid. Concept 432620 ""Disorder of choroid of eye"" captures the same level of breadth and pathology without adding or omitting clinical detail. All other candidates are either specific subtypes (choroiditis, neoplasm, injury, etc.) or broader/non-pathological findings, and therefore do not exactly match the source term’s scope."
Duodenal ulcer without hemorrhage or perforation,35208218,"Duodenal ulcer, unspecified as acute or chronic, without hemorrhage or perforation",4209746,Duodenal ulcer without hemorrhage AND without perforation,"Concept 4209746 exactly represents a duodenal ulcer explicitly stated to be without hemorrhage and without perforation, matching all clinical qualifiers in the source term. Other candidates add extra specificity (acute, chronic, with/without obstruction) or differ in site/severity, so they either over-specify or mismatch. Therefore, concept 4209746 is the precise equivalent."
diseases of the digestive system,35208415,Other specified diseases of the digestive system,4201745,Disorder of digestive system,"The source term refers to any disease/disorder affecting the digestive system. SNOMED concept 4201745 ""Disorder of digestive system"" is clinically equivalent, with synonyms that include ""Digestive system disease."" It matches the scope and specificity exactly, whereas other candidates are either narrower (e.g., intestine only), more specific (chronic, infectious, neoplastic, pregnancy-related), or non-condition contexts (history, screening, family history)."
Drug photoallergic response,35208562,Drug photoallergic response,-1,no_match,"None of the candidate concepts captures both required elements of the source term—(1) a drug etiology and (2) an explicitly photoallergic (not just phototoxic or nonspecific photosensitivity) mechanism—without adding or omitting clinical detail. The closest candidates are:
• 4286349 “Photosensitivity caused by drug” – includes phototoxic reactions and is therefore broader than the source.
• 4009034 “Photoallergic dermatitis” – matches the allergic mechanism but lacks the drug cause, so it is also broader.
All other candidates are either non-allergic, lack the photo component, or are over-specific to particular agents or clinical presentations. Hence no exact equivalent concept is available among the provided targets."
Acquired deformity of chest and rib,35209145,Acquired deformity of chest and rib,40488470,Acquired deformity of thoracic structure,"The SNOMED concept 40488470 ""Acquired deformity of thoracic structure"" has the synonym ""Acquired deformity of chest and rib"" and represents the same clinical idea—an acquired structural deformity involving the thoracic cage (chest wall and ribs). It preserves the exact anatomical scope and acquired nature specified in the source term without adding or omitting clinically relevant detail, making it an exact equivalent."
Subacute and chronic vulvitis,35209386,Subacute and chronic vulvitis,-1,no_match,"The source term specifies vulvitis limited to subacute AND chronic phases, expressly excluding acute cases. Among the candidate concepts, those referring only to chronic vulvitis or only to subacute vulvitis are too narrow, while the generic “Vulvitis” concept is too broad because it includes acute forms. No candidate exactly represents the combined category “Subacute and chronic vulvitis,” so no exact clinical equivalent is available in the provided list."
Noninflammatory disorder of vagina,35209457,"Noninflammatory disorder of vagina, unspecified",195867,Noninflammatory disorder of the vagina,"Concept 195867 ""Noninflammatory disorder of the vagina"" is an exact clinical equivalent: it matches the anatomic site (vagina) and the qualifier ""noninflammatory"" without adding or omitting any clinical detail. All other candidates are either broader (e.g., disorders of female genital organs, disorder of vagina) or refer to different sites (vulva, cervix) or involve inflammation, so they do not meet the specificity requirements."
Newborn affected by maternal complications of pregnancy,35210412,Newborn affected by other maternal complications of pregnancy,-1,no_match,"The source term describes neonatal conditions specifically attributable to maternal complications of pregnancy (i.e., cause = maternal complication, period = newborn/neonatal).  

• Concepts that refer to ""fetal"" disorders (e.g., 37167888 ""Fetal disorder due to maternal disorder during pregnancy"") are inappropriate because they concern the fetus before birth, not the newborn.  
• Concepts that cover maternal complications themselves (e.g., 43530950 ""Complication occurring during pregnancy"") lack the neonatal aspect.  
• 3010191 ""Newborn complication"" is broader—it does not require the maternal complication etiology.  
• 37167889 ""Early neonatal disorder due to maternal disorder during pregnancy"" is too specific (limited to the first 7 days of life, a subset of the full newborn period up to 28 days) and therefore over-specifies the source term.  
• All other candidates are either fetal-only, maternal-only, or specify particular maternal conditions (e.g., hypertension, trauma), making them more specific or different in scope.  

No candidate exactly matches the scope and specificity of ""Newborn affected by maternal complications of pregnancy,"" so no suitable standard concept is available among the provided options."
Transitory disorder of carbohydrate metabolism of newborn,35210614,"Transitory disorder of carbohydrate metabolism of newborn, unspecified",-1,no_match,"The source term requires three key elements: 1) disorder of carbohydrate metabolism, 2) occurring in the newborn, and 3) explicitly transient/transitory. 
• Concept 437515 (""Disorder of carbohydrate metabolism"") lacks the neonatal and transient qualifiers (too broad). 
• Concept 4171097 (""Perinatal disorder of glucose regulation of fetus and/or neonate"") omits the transient nature (too broad). 
• Concepts such as 4171099 (""Transitory neonatal hypoglycemia""), 4173185 (""Transient neonatal hyperglycemia""), 4129378 (""Transient neonatal diabetes mellitus""), etc., are restricted to specific carbohydrate disturbances (hypoglycemia, hyperglycemia, diabetes) and are therefore more specific than the general “disorder of carbohydrate metabolism” (too narrow). 
• Concept 37170255 (""Neonatal transient metabolic disturbance"") is transient and neonatal but not limited to carbohydrate metabolism (too broad). 
No candidate simultaneously satisfies all three required attributes without being broader or narrower, so no exact match exists among the provided targets."
Congenital malformation of anterior segment of eye,35210756,"Congenital malformation of anterior segment of eye, unspecified",436805,Congenital anomaly of anterior segment of eye,"Concept 436805 (Congenital anomaly of anterior segment of eye) conveys the same clinical idea as the source term— a congenital malformation/anomaly involving the anterior segment of the eye. It matches the body region (anterior segment) and congenital nature without adding or omitting specificity. Other candidates are either narrower (e.g., only anterior chamber or angle anomalies) or broader/different (e.g., entire eye or posterior segment)."
First degree AV block,35226391,AV block first degree,314379,First degree atrioventricular block,"The target concept ""First degree atrioventricular block"" (ID 314379) is the exact clinical equivalent of the source term. It preserves the same degree (first), location (atrioventricular conduction), and nature (block). Other candidates are either broader (""Partial atrioventricular block""), different degrees (second or complete), or related findings (""Prolonged PR interval"") that do not explicitly specify first-degree AV block. Hence 314379 is the only precise match."
Hepato-lenticular degeneration,35306057,Hepato-lenticular degeneration,4229262,Wilson's disease,"""Hepato-lenticular degeneration"" is the historical and synonymous name for Wilson’s disease, a hereditary disorder of copper metabolism affecting liver and basal ganglia (lenticular nucleus). Concept 4229262 “Wilson's disease” lists “Hepatolenticular degeneration” among its exact synonyms, matching the source term without adding or omitting clinical detail. No other candidate is equivalent without over- or under-specification."
Peritoneal infection,35708029,Peritoneal infection,443796,Infectious peritonitis,"The source term denotes any infectious process involving the peritoneum. The SNOMED concept 443796 ""Infectious peritonitis"" is defined as an infection of the peritoneum and is neither broader (excludes non-infectious peritonitis) nor narrower (does not limit by pathogen, acuity, etiology, or context). Other candidates are either broader (e.g., ""Peritonitis"" includes non-infectious causes) or narrower/add additional constraints (e.g., ""Bacterial peritonitis"" specifies pathogen, ""Primary peritonitis"" specifies etiology). Therefore, concept 443796 is the exact clinical equivalent."
Partial small intestinal obstruction,35738840,Partial small intestinal obstruction,4181798,Partial obstruction of small bowel,"Concept 4181798 is explicitly ""Partial obstruction of small bowel"", synonymous with ""Partial obstruction of small intestine"". It preserves both required elements of the source term: (1) an obstruction of the small intestine/bowel and (2) that the obstruction is partial rather than complete. No additional details are added and none are omitted, so it is an exact clinical equivalent. All other candidates are either more general (e.g., obstruction of any intestine) or different in severity/completeness, and therefore do not meet the exact-match criteria."
Delayed healing,35843794,Healing delayed,-1,no_match,"None of the candidate concepts matches the source term at the same level of specificity. Concepts such as 'Delayed healing of wound' or 'Impaired wound healing' add a wound-specific detail that is not present in the source, making them over-specific, while 'Impaired tissue repair' is broader than just delayed healing. Therefore no exact clinical equivalent is available among the candidates."
Infection following induced abortion,36110511,Induced abortion infection,43530964,Induced termination of pregnancy complicated by infectious disease,"The source term describes any infectious complication occurring after an induced abortion without specifying site, severity, or completeness of the procedure. Concept 43530964 (“Induced termination of pregnancy complicated by infectious disease”) captures exactly this scenario: an infectious disease (i.e., infection) as a complication of an induced termination of pregnancy. It preserves the same clinical context and level of specificity—no added details (e.g., genital-pelvic only, sepsis, incomplete/complete abortion) and no loss of information. Other candidates are either too specific (e.g., limited to genital-pelvic infection, sepsis, incomplete abortion) or too general (postprocedural infection without linking to induced abortion)."
Epstein-Barr virus infection,36110888,Epstein-Barr virus infection,4345472,Epstein-Barr virus disease,"The source term describes the clinical condition of being infected with Epstein-Barr virus. Concept 4345472 ""Epstein-Barr virus disease"" in SNOMED is a disorder representing illness caused by Epstein-Barr virus and has parent concepts ""Epstein-Barr virus infection / EBV infection,"" indicating equivalence in clinical meaning. It is neither more general (it still specifies EBV) nor more specific (does not restrict to a particular manifestation, site, chronicity, or congenital status). Other candidates represent the virus itself, laboratory tests, specific manifestations (e.g., mononucleosis, hepatitis), congenital or chronic forms, or unrelated categories, and therefore are not equivalent. Hence, concept 4345472 is the single best match."
Increased respiratory rate,36315364,Respiratory rate increased,317376,Tachypnea,"The source term denotes a clinical finding of an abnormally elevated breathing rate. The SNOMED concept 317376 ""Tachypnea"" is defined as an increased (rapid) respiratory rate and is routinely used synonymously with ""increased respiratory rate."" It preserves the exact clinical detail (rate increased) without adding or omitting any specificity. All other candidates are either broader (e.g., ""Abnormal respiratory rate"") or represent measurements, procedures, or different respiratory findings. Therefore, concept 317376 is the exact clinical equivalent."
Left knee effusion,36569193,Effusion (l) knee,36684501,Effusion of joint of left knee,"The target concept ""Effusion of joint of left knee"" has identical clinical meaning to the source term: both describe a joint effusion located in the left knee with no added qualifiers (severity, chronicity, cause). It preserves specificity (laterality and site) without adding or omitting details, thus fulfilling the exact match criteria."
Progression of multiple sclerosis,36774769,Progression of multiple sclerosis,-1,no_match,"None of the candidate concepts exactly represents the general notion of disease progression in multiple sclerosis. 
• 4102337 (Exacerbation of multiple sclerosis) refers to an acute relapse/flare, which is only one specific form of worsening and therefore more specific than the source term.
• 37311816 (Progressive multiple sclerosis) and its subtypes (primary, secondary, progressive-relapsing) describe distinct clinical phenotypes of MS, not the event of progression itself, and add details not stated in the source term.
• All other candidates are either different diseases, generic progression findings, management procedures, or staging modifiers.
Because no candidate exactly captures “progression of multiple sclerosis” without adding or omitting clinical details, no suitable match is found."
Poverty of thought content,36919008,Poverty of thought content,4209458,Poverty of thought,"The SNOMED concept 4209458 ""Poverty of thought"" represents the same clinical phenomenon—a quantitative/qualitative reduction in the content of thought. Its hierarchy explicitly includes the parent ""Poverty of thought content,"" confirming equivalence. All other candidates are either broader (e.g., ""Finding of thought content""), different phenomena (e.g., ""Poverty of speech""), or unrelated (financial poverty, facial expression). Thus 4209458 is the single exact match."
Emotional disorder,36919045,Emotional disorder,-1,no_match,"None of the candidate concepts is an exact clinical equivalent of the vague umbrella term ""Emotional disorder.""  The closest candidates (e.g., 444100 Mood disorder) are narrower sub-types, while others such as 432586 Mental disorder are broader.  All remaining candidates add additional qualifiers (childhood onset, behavioral component, labile, etc.).  Because no candidate preserves the same level of generality and clinical meaning, there is no suitable match."
Malnutrition-related diabetes mellitus with coma,37082072,"Malnutrition-related diabetes mellitus, with coma",4221933,Coma due to malnutrition-related diabetes mellitus,"The candidate concept ""Coma due to malnutrition-related diabetes mellitus"" explicitly represents a coma that is a complication of malnutrition-related diabetes mellitus, thus capturing both the specific diabetes subtype (malnutrition-related) and the presence of coma. No additional details (e.g., ketoacidosis, hyperosmolarity) are introduced, and no information from the source term is lost. This is an exact clinical equivalent; all other candidates are either too general (e.g., coma due to diabetes mellitus) or include extra specifics (e.g., ketoacidosis) or omit coma altogether."
Diabetes mellitus due to malnutrition with multiple complications,37082094,Diabetes mellitus in connection with deficient nutrition or malnutritionwith multiple complications: Not described as derailed,-1,no_match,"None of the candidate concepts simultaneously capture both the malnutrition-related etiology of the diabetes and the explicit presence of multiple complications. Each candidate is either missing the malnutrition cause (e.g., Diabetes mellitus with multiple complications), missing the specification of multiple complications (e.g., Malnutrition related diabetes mellitus), or represents only the complications themselves rather than the underlying diabetes (e.g., Disorder due to malnutrition related diabetes mellitus). Therefore, no exact clinical equivalent exists among the provided targets."
Diabetes mellitus with peripheral vascular complications,37082127,Other specified diabetes mellitus: With peripheral vascular complications: Not reported as derailed,321822,Peripheral vascular disorder due to diabetes mellitus,"The source term indicates diabetes mellitus that has resulted in peripheral vascular complications. Concept 321822 (""Peripheral vascular disorder due to diabetes mellitus"") explicitly represents a peripheral vascular disorder caused by diabetes mellitus without specifying diabetes type or adding extra detail. It preserves all the clinical information contained in the source term (presence of diabetes mellitus and its peripheral vascular complication) while neither broadening (still requires the vascular complication) nor over-specifying (does not limit to type 1, type 2, or secondary forms). Therefore, it is an exact clinical equivalent."
Cannabinoid withdrawal state with delirium,37082661,"Mental and behavioural disorders due to use of cannabinoids, withdrawal state with delirium",-1,no_match,"The source term requires BOTH (1) withdrawal from cannabinoids/cannabis and (2) the presence of delirium. 
• 45766641 ""Cannabis withdrawal"" and 42537774 ""Synthetic cannabinoid withdrawal"" cover withdrawal but lack the delirium component.
• 4220197 ""Cannabis intoxication delirium"" and 1448951 ""Delirium caused by cannabis"" include delirium but refer to intoxication/acute use, not withdrawal.
• 37309681 ""Delirium due to substance withdrawal"" includes delirium during withdrawal but is too general because it does not specify cannabinoids.
No candidate preserves both the specific substance (cannabinoid) and the withdrawal-related delirium, so an exact clinical equivalent is absent."
Nerve root and plexus compression,37083523,Nerve root and plexus compressions in other dorsopathies,-1,no_match,"None of the candidate concepts corresponds exactly to ""Nerve root and plexus compression"" without adding etiologic qualifiers or omitting either nerve roots or plexuses. Some options (e.g., ""Compression of spinal nerve root"") omit plexus involvement (too narrow), while others (e.g., ""Lesion of nerve root and/or plexus"") include non-compression lesions (too broad). Concepts limited to spondylosis or disc disease add unwarranted specificity. Therefore no exact clinical match is present among the targets."
Glaucoma secondary to eye trauma,37084048,Glaucoma secondary to eye trauma,440396,Glaucoma due to ocular trauma,"Concept 440396 ""Glaucoma due to ocular trauma"" specifies glaucoma that is secondary to (i.e., caused by) eye/ocular trauma, exactly matching the etiology stated in the source term without adding further details such as laterality or glaucoma subtype. All other candidates are either more specific (e.g., specify eye side, perforating injury, open-angle) or describe a different condition (ocular hypertension, cataract), violating specificity rules. Therefore 440396 is the single clinically equivalent standard concept."
Nonrheumatic tricuspid valve insufficiency,37084578,Nonrheumatic tricuspid (valve) insufficiency,4111412,"Tricuspid incompetence, non-rheumatic","Concept 4111412 (""Tricuspid incompetence, non-rheumatic"") explicitly describes non-rheumatic insufficiency/regurgitation (incompetence) of the tricuspid valve, matching the source term in affected valve, pathophysiology (insufficiency/regurgitation), and etiology (non-rheumatic). It is neither broader (excludes rheumatic forms) nor more specific (does not add stenosis or severity details) than the source term. All other candidates are either broader (e.g., generic tricuspid regurgitation) or add additional features (e.g., stenosis) or wrong valve, so 4111412 is the single exact clinical equivalent."
Nonruptured cerebral aneurysm,37084767,"Cerebral aneurysm, nonruptured",-1,no_match,"The source term explicitly specifies a cerebral (intracranial) aneurysm that is *non-ruptured*. None of the candidate concepts capture this exact qualifier: most either do not specify rupture status (e.g., 'Aneurysm of cerebral artery', 'Intracranial aneurysm')—thus being broader—or they explicitly describe *ruptured* aneurysms, or add other specifications such as congenital, acquired, or specific arterial location. Because no candidate preserves the required ‘nonruptured’ detail without adding or omitting other clinical information, no exact match exists among the provided concepts."
Rubella without complication,37085900,Rubella without complication,-1,no_match,"The source term specifies rubella infection explicitly ""without complication,"" excluding complicated manifestations (e.g., encephalitis, arthritis, pneumonia). The closest target, concept 4273323 ""Rubella,"" is a parent concept that encompasses all rubella infections, including complicated forms, making it broader than the source. No candidate concept preserves the required restriction to uncomplicated cases without adding or omitting clinical details. Therefore, no exact match is available among the provided concepts."
Rheumatoid bursitis,37087035,"Rheumatoid bursitis, other",-1,no_match,"None of the candidate concepts combines both required elements—inflammation of a bursa (bursitis) specifically attributable to rheumatoid pathology. Concepts such as 'Bursitis' are too general (missing rheumatoid etiology), while 'Rheumatoid arthritis' and its subtypes describe joint arthritis, not bursitis. Therefore, no exact clinical equivalent is present among the provided targets."
"Familial chondrocalcinosis, forearm",37087421,"Familial chondrocalcinosis, forearm",-1,no_match,"The source term specifies both the etiology (familial chondrocalcinosis) and the anatomical location (forearm) without laterality. None of the candidate concepts simultaneously capture the familial etiology and the forearm location at the same level of specificity:  • Concept 4035750 (Familial chondrocalcinosis) lacks the required forearm site.  • Concepts that include the familial etiology (e.g., 37207782, 37207780) are limited to the wrist and add laterality, making them over-specific.  • Concepts that reference the forearm or its joints lack the familial qualifier. Therefore, no exact clinical equivalent is available among the candidates."
"Gout arthropathy due to enzyme defects and congenital diseases, hand",37087581,"Gout arthropathy due to enzyme defects and other congenital diseases: hand [fingers, wrist, metacarpal, joints between these bones]",-1,no_match,"The source term requires three key elements: 1) gouty arthropathy, 2) location limited to the hand, and 3) etiology secondary to enzyme defects/congenital disease. No candidate concept simultaneously contains all three components. Concepts that include the hand lack the enzyme‐defect etiology (e.g., 4114911 Gouty arthritis of hand). The concept that includes enzyme‐defect etiology (4035752 Gout secondary to enzyme defect) lacks the hand location. Therefore no exact clinical equivalent is available among the provided targets."
"Idiopathic scoliosis, sacral and sacrococcygeal region",37088295,"Other idiopathic scoliosis, sacral and sacrococcygeal region",-1,no_match,"No candidate concept specifies idiopathic scoliosis localized to the sacral and/or sacrococcygeal region. The closest options are either too general (e.g., 'Idiopathic scoliosis') or refer to other regions/age groups (e.g., lumbar, lumbosacral, adolescent). Therefore, no exact clinical equivalent is present among the targets."
"Deforming dorsopathies, thoracic region",37088465,"Other specified deforming dorsopathies, thoracic region",4183247,Deformity of thoracic spine,"The source term refers to pathologic deformities of the dorsal (thoracic) spine. SNOMED concept 4183247 ""Deformity of thoracic spine"" captures the same clinical notion—any structural deformity involving the thoracic spine—without adding or omitting detail. It is neither broader (remains limited to deformities, not all disorders) nor more specific (does not stipulate a particular type of deformity). Other candidates are either broader (e.g., ""Disorder of thoracic spine"") or more specific (e.g., ""Kyphosis of thoracic spine"", ""Rotational deformity of thoracic spine""). Hence 4183247 is an exact clinical equivalent."
Plasmodium vivax malaria,37089588,Plasmodium vivax malaria,433960,Vivax malaria,"Concept 433960 ""Vivax malaria"" represents malaria caused by Plasmodium vivax, exactly matching the source term’s organism-specific form of malaria. It is neither broader (maintains specificity to P. vivax) nor narrower (does not add complications or other qualifiers), fulfilling equivalence. All other candidates are either the organism itself, lab tests/antibodies/exposures, or a more specific complication, and thus do not precisely match the source clinical condition."
"Fibromyalgia, hand",37089810,"Fibromyalgia, hand",-1,no_match,"None of the candidate concepts represent fibromyalgia specifically localized to the hand. All fibromyalgia concepts provided are systemic and more general, while hand-specific concepts lack the fibromyalgia diagnosis. Selecting any of them would violate the specificity rules."
"Idiopathic osteoporosis, upper arm",37089999,"Idiopathic osteoporosis, upper arm",-1,no_match,"The source term specifies both an etiology (idiopathic) and an anatomic location (upper arm). None of the candidate concepts simultaneously include idiopathic osteoporosis and restriction to the upper arm. Each option is either: 1) idiopathic osteoporosis without a specified site (e.g., concept_id 81390), or 2) a disorder of the upper arm that is not idiopathic osteoporosis (e.g., osteitis or pathological fracture concepts). Therefore no exact clinical equivalent is available among the provided targets."
"Adult osteomalacia, upper arm",37090164,"Adult osteomalacia, unspecified, upper arm",-1,no_match,"The source term specifies 1) adult onset, 2) osteomalacia, and 3) localization to the upper arm. None of the candidate concepts include all three elements simultaneously. The osteomalacia candidates either lack the adult qualifier, add an etiologic qualifier (malabsorption, malnutrition, endocrine, etc.), or do not specify the upper-arm location. The upper-arm disorder concepts do not state osteomalacia. Therefore an exact clinical equivalent is not present among the targets."
"disorder of bone, pelvic region and thigh",37090689,"Disorder of bone, unspecified, pelvic region and thigh",-1,no_match,"None of the candidate concepts is equivalent. Options are either too broad (e.g., ""Disorder of bone"" covers all bones), too narrow or different in anatomic scope (e.g., ""Disorder of pelvis,"" ""Deformity of bone of pelvis"" exclude thigh; ""Disorder of thigh"" and ""Disorder of pelvic region of trunk"" include non-bone tissues), or specify different pathologies (e.g., arthropathy, cartilage disorders). No candidate captures disorders of bone specifically limited to both the pelvic region and thigh without adding or omitting clinical details."
"Osteonecrosis in caisson disease, multiple sites",37090735,"Osteonecrosis in caisson disease, multiple sites",-1,no_match,"The source term specifies osteonecrosis due to Caisson disease affecting multiple sites. The closest candidate (concept_id 4069528 ""Osteonecrosis due to Caisson disease"") matches the etiology but does not specify involvement of multiple sites, making it broader than the source term. No candidate contains both the etiology (Caisson disease) and the qualifier ""multiple sites""; therefore, no exact match is available."
"Osteonecrosis in other diseases, multiple sites",37090758,"Osteonecrosis in other diseases classified elsewhere, multiple sites",-1,no_match,"The source term specifies osteonecrosis that is (1) secondary to diseases other than drug effects, trauma, or hemoglobinopathy and (2) involves multiple anatomical sites. No candidate concept simultaneously captures BOTH the secondary (other disease) etiology and the involvement of multiple sites. Available options are either too general (e.g., 'Osteonecrosis' without cause or site specification) or too specific to particular causes (drug-induced, traumatic, hemoglobinopathy) or body regions. Therefore, no exact clinical equivalent is present among the candidates."
"Osteochondrosis dissecans, pelvic region and thigh",37090828,"Osteochondrosis dissecans: pelvic region and thigh [pelvis, femur, buttocks, hips, hip joint, sacroiliac joint]",-1,no_match,"None of the candidate concepts exactly represent osteochondritis/osteochondrosis dissecans confined to the composite anatomic category “pelvic region and thigh.”
• Concept 437359 (Osteochondritis dissecans) is too broad, covering all body sites.
• Concepts 1244756, 37171074, 37171071, and 4002131 limit the disorder to the hip region; this is more specific than the source anatomic category and therefore over-specifies.
• Concept 40487940 limits the disorder to the distal femur (thigh) only, also over-specifying.
• Concept 74448 denotes a generic articular-cartilage disorder of the pelvic region and thigh, lacking the required specification “dissecans.”
• Remaining concepts describe other disorders (osteonecrosis, osteitis condensans, osteoarthritis, etc.) or broader anatomic regions.
As no candidate preserves both the clinical specificity (osteochondrosis dissecans) and the exact anatomic scope (pelvic region and thigh) without over- or under-specifying, no adequate match exists."
Classical hydatidiform mole,37091592,Classical hydatidiform mole,4129710,Complete hydatidiform mole,"The term ""classical hydatidiform mole"" in clinical literature refers to the typical or complete form of molar pregnancy, distinct from partial or invasive types. The target concept 4129710 ""Complete hydatidiform mole"" precisely matches this meaning—neither broader (it excludes partial or other variants) nor narrower (it does not add laterality, behavior, or other qualifiers). Therefore, it is the exact clinical equivalent."
"Medical abortion, incomplete, complicated by embolism",37091614,"Medical abortion, incomplete, complicated by embolism",-1,no_match,"The source term specifies an INCOMPLETE MEDICAL (drug-induced) abortion with the specific complication of embolism. 
• Concept 37163809 (""Incomplete induced termination of pregnancy complicated by embolism"") covers any induced abortion method (medical or surgical), so it is broader than the explicitly medical procedure stated in the source term.
• Concept 4113509 (""Failed medical termination … with embolism"") is limited to FAILED—not incomplete—abortions, which is a different clinical circumstance.
• Other candidates either lack the specification of both incompleteness and embolism, or refer to spontaneous/inevitable/failed abortions, or to complete abortions.
Because no candidate preserves exactly all three required details (medical method, incomplete status, and embolism complication) without adding or omitting information, there is no exact equivalent concept among the provided targets."
"Medical abortion, complete, complicated by genital tract and pelvic infection",37091617,"Medical abortion, complete or unspecified, complicated by genital tract and pelvic infection",-1,no_match,"The source term requires four key elements: (1) induced termination by medical means, (2) abortion is complete, (3) complication is genital-tract and pelvic infection.  No candidate simultaneously carries all of these details.  Concepts that mention medical abortion (e.g., 4113187) describe a failed/incomplete procedure, while the concept that includes a complete induced termination with infection (37163828) does not specify the medical method, thereby being more general than the source.  Because no candidate preserves every required clinical qualifier, there is no exact match."
Cerebral venous thrombosis in the puerperium,37092117,Cerebral venous thrombosis in the puerperium,4066234,Cerebral venous thrombosis in puerperium,"Concept 4066234 has identical clinical meaning, specifying thrombosis of the cerebral veins occurring during the puerperium. It matches the site (cerebral venous system) and temporal context (post-partum period) exactly, without adding or omitting clinical details."
congenital malformation of cardiac septum,37093016,"Congenital malformation of cardiac septum, unspecified",4245646,Congenital septal defect of heart,"The target concept ""Congenital septal defect of heart"" (concept_id 4245646) is synonymous with a congenital malformation/defect of the cardiac septum, encompassing both atrial and ventricular septal malformations. It is neither broader (it is limited to cardiac septal defects) nor more specific (does not restrict to a particular septal segment or subtype) than the source term, making it an exact clinical equivalent. Other candidates are either more specific (e.g., only atrial or ventricular septum) or represent morphologic classes rather than clinical disorders."
congenital malformations of intestine,37093264,Other congenital malformations of intestine,4130372,Congenital anomaly of intestinal tract,"The source term describes any congenital structural defects of the intestine (small or large). Concept 4130372 ""Congenital anomaly of intestinal tract"" is defined as a congenital malformation/anomaly of the intestinal tract (which includes both small and large intestine). It matches exactly in scope and specificity—neither broader (does not include other digestive organs) nor narrower (does not restrict to a specific type such as atresia, stenosis, segment, or position). Other candidates are either broader (e.g., digestive system), narrower (e.g., small intestine only, atresia only), or focus on specific subtypes (malrotation, obstruction, etc.). Hence 4130372 is the single exact clinical equivalent."
abnormal findings in cerebrospinal fluid,37094135,"Abnormal findings in cerebrospinal fluid, Abnormal histological findings",4065770,Cerebrospinal fluid examination abnormal,"Concept 4065770 (""Cerebrospinal fluid examination abnormal"") explicitly represents a nonspecific abnormal finding detected on CSF examination—clinically equivalent to the source term ""abnormal findings in cerebrospinal fluid."" It preserves the same level of specificity (any abnormality in CSF) without adding or omitting details. Other candidates are either narrower (e.g., abnormal immunological findings) or unrelated (procedures or normal findings)."
Chronic erythremia,37095180,Chronic erythremia,135214,Polycythemia vera (clinical),"The historical term “chronic erythremia” is synonymous with Polycythemia vera (also called erythrocythemia/erythrocythaemia). Candidate concept 135214 (Polycythemia vera – clinical disorder) lists “Erythrocythemia” among its synonyms, making it a precise, neither broader nor more specific, representation of the source term. Other candidates are either generic (erythrocytosis) or refer to different or unrelated conditions (erythroblastosis, chronic erythema). Thus concept 135214 is the exact clinical equivalent."
"Diabetes mellitus due to underlying condition with proliferative diabetic retinopathy without macular edema, bilateral",37200077,"Diabetes mellitus due to underlying condition with proliferative diabetic retinopathy without macular edema, bilateral",-1,no_match,"None of the candidate concepts simultaneously capture all required clinical details: (1) secondary diabetes mellitus (due to an underlying condition), (2) proliferative diabetic retinopathy, (3) absence of macular edema, and (4) bilateral involvement. Each candidate is either limited to one eye, lacks specification of secondary diabetes, omits the 'without macular edema' qualifier, or represents a different stage/type of retinopathy. Therefore, no exact equivalent concept is present among the candidates."
"Diabetes mellitus due to underlying condition with diabetic macular edema, resolved following treatment, bilateral",37200082,"Diabetes mellitus due to underlying condition with diabetic macular edema, resolved following treatment, bilateral",-1,no_match,"None of the candidate concepts contain every required element: (1) secondary/underlying-condition diabetes mellitus, (2) associated diabetic macular edema, (3) bilateral involvement, and (4) status of the macular edema as resolved after treatment. Each candidate is either too general (e.g., Secondary diabetes mellitus), lacks the complication or laterality, or describes a different eye disorder or status. Therefore no exact clinical equivalent is present in the list."
Drug or chemical induced diabetes mellitus with stable proliferative diabetic retinopathy,37200127,Drug or chemical induced diabetes mellitus with stable proliferative diabetic retinopathy,-1,no_match,"None of the candidate concepts simultaneously convey (1) drug- or chemical-induced (secondary) diabetes mellitus and (2) stable proliferative diabetic retinopathy. Concepts such as ""Stable treated proliferative retinopathy due to diabetes mellitus"" lack the drug-induced qualifier, while ""Drug-induced diabetes mellitus"" lacks the stable proliferative retinopathy detail. Selecting any of them would either broaden or omit essential clinical information, so no exact match exists among the provided targets."
"Drug or chemical induced diabetes mellitus with resolved diabetic macular edema, bilateral",37200139,"Drug or chemical induced diabetes mellitus with diabetic macular edema, resolved following treatment, bilateral",-1,no_match,"None of the candidate concepts simultaneously capture all required details: (1) drug- or chemical-induced (secondary) diabetes mellitus, (2) an associated diabetic macular edema, (3) the edema being resolved, and (4) bilateral eye involvement. Each candidate is either missing the drug-induced nature of diabetes, the macular-edema complication, the resolution status, or laterality. Therefore no exact clinical equivalent is present among the provided concepts."
"Type 2 diabetes mellitus with proliferative diabetic retinopathy with macular edema, left eye",37200223,"Type 2 diabetes mellitus with proliferative diabetic retinopathy with macular edema, left eye",-1,no_match,"The source term requires four specific elements: (1) Type 2 diabetes mellitus, (2) proliferative diabetic retinopathy, (3) macular edema, and (4) localization to the left eye. None of the candidate concepts include all four components simultaneously. The closest candidates are 609116 (proliferative retinopathy of left eye due to type 2 diabetes mellitus) which lacks macular edema, and 43530685 (proliferative retinopathy due to type 2 diabetes mellitus) which lacks both macular edema and laterality. Therefore, no exact clinical equivalent is present among the provided targets."
"Carpal tunnel syndrome, bilateral upper limbs",37200332,"Carpal tunnel syndrome, bilateral upper limbs",760925,Bilateral carpal tunnel syndrome,"The source term specifies carpal tunnel syndrome affecting both upper limbs (i.e., bilaterally). Concept 760925 ""Bilateral carpal tunnel syndrome"" matches exactly in disorder type (carpal tunnel syndrome) and laterality (bilateral). All other candidates are either unilateral, lack laterality specification, or describe broader or different neuropathies. Therefore, concept 760925 is the single precise and equivalent match."
Mild to moderate pre-eclampsia,37200967,"Mild to moderate pre-eclampsia, complicating childbirth",-1,no_match,"No candidate concept exactly represents pre-eclampsia of ‘mild to moderate’ severity. The general concept “Pre-eclampsia” (ID 439393) is broader because it includes severe cases, while “Mild pre-eclampsia” (ID 314090) and “Moderate pre-eclampsia” (ID 4034094) are each narrower, covering only one part of the stated severity range. No target concept captures both mild and moderate severities without including severe disease, so no exact clinical equivalent is available."
"Fracture of skull and facial bones, right side",37201411,"Fracture of other specified skull and facial bones, right side",-1,no_match,"The source term specifies fractures involving BOTH the skull and facial bones on the RIGHT side. None of the candidate concepts simultaneously capture all three required details (skull + facial bones + right side). The closest concept (concept_id 4011508 ""Fracture of skull and facial bones"") lacks laterality, while concepts with right-sided laterality involve only single bones or portions of the skull/orbit and do not include both skull and facial bones. Therefore, no exact clinical equivalent is present among the candidates."
Conversion to open procedure,37202299,Other specified procedure converted to open procedure,46272989,Failed procedure using minimal access approach converted to open procedure,"The source term describes a situation in which a minimally-invasive (minimal access) procedure is converted intra-operatively to an open surgical approach. SNOMED concept 46272989 “Failed procedure using minimal access approach converted to open procedure” captures exactly this clinical scenario. Other candidates are either overly generic (e.g., “Surgical procedure”) or overly specific (e.g., “Laparoscopic procedure with conversion to open approach”) or unrelated. Therefore, concept 46272989 is the best and exact match."
"Limb deformities, multiple sites",37223342,Other specified limb deformities - Multiple sites (machine translation),-1,no_match,"The source term specifies deformities affecting multiple limb sites but does not state etiology (congenital vs acquired) or restrict deformity type (joint, flexion, angular, etc.).

None of the candidate concepts captures exactly this combination:
- 40482430 ""Deformity of limb"" is more general: it allows a single-site deformity and thus omits the required ""multiple sites"" specification.
- 4183129 ""Multiple joint deformity"" limits the abnormality to joints only, narrowing the scope beyond the source term which includes any limb deformity.
- Concepts such as 133857 (""Acquired deformity of limb"") or 134741 (""Congenital anomaly of limb"") add etiologic detail absent from the source term, violating the rule against over-specification.
- Others (e.g., ""deformity of lower limb"", ""flexion deformity"", specific named deformities) fail on location or specificity.

Because no candidate preserves all critical information (limb deformities involving multiple sites) without adding or omitting details, there is no exact clinical equivalent among the provided concepts."
"Joint derangement, forearm",37223503,"Other specific joint derangements, not elsewhere classified, forearm",-1,no_match,"None of the candidate concepts exactly correspond to an unspecified joint derangement located in the forearm region. 
- Concept 136779 ""Disorder of forearm"" is broader (includes any disorder, not specifically joint derangement).
- Concept 78228 ""Joint derangement"" is too general (location not specified).
- Concepts such as 1076213 ""Derangement of joint of wrist region"" or 1077496 ""Derangement of radiocarpal joint"" are more specific to the wrist; the source term refers to the forearm region in general and not solely the wrist.
- Other candidates (hand, wrist pain, contracture, instability, etc.) are either different conditions or pertain to different anatomical sites.
Therefore, no exact clinically equivalent standard concept is present among the candidates."
"Juvenile idiopathic scoliosis, lumbosacral region",37223683,"Juvenile idiopathic scoliosis, lumbosacral region",-1,no_match,"The source specifies idiopathic scoliosis limited to the lumbosacral region with juvenile age of onset (4–10 years). None of the candidate concepts simultaneously carry all three required elements (idiopathic etiology, lumbosacral localization, and juvenile onset). Available targets are either broader (e.g., general idiopathic scoliosis or lumbar-only location), cover a different spinal region (thoracic/thoracolumbar), or specify a different age group (adolescent or infantile). Therefore, no exact clinical equivalent exists among the candidate concepts."
"Osteomyelitis of vertebra, lumbosacral region",37223852,"Osteomyelitis of vertebra, lumbosacral region",-1,no_match,"The source term specifies osteomyelitis involving the lumbosacral region (junction of lumbar and sacral vertebrae). Available targets are either broader (e.g., Osteomyelitis of vertebra) or limited to only lumbar or only sacral vertebrae. None exactly capture osteomyelitis specifically of the lumbosacral vertebral region without adding or omitting anatomical detail."
"Anterior spinal and vertebral artery compression syndromes, multiple sites in spine",37223903,"Anterior spinal and vertebral artery compression syndromes, multiple sites in spine",-1,no_match,The source term combines BOTH anterior spinal artery compression syndrome AND vertebral artery compression syndrome and explicitly states involvement at MULTIPLE spinal sites. None of the candidate concepts simultaneously include compression of both arteries and the multi-site specification. Each candidate only covers one artery (either anterior spinal or vertebral) or lacks the multi-site element. Therefore no exact clinical equivalent exists among the provided targets.
"Dorsalgia, occipito-atlanto-axial region",37224191,"Other dorsalgia, occipito-atlanto-axial region",-1,no_match,"The source term specifies pain (dorsalgia) localized to the occipito-atlanto-axial (upper cervical) region. None of the candidate concepts capture both the symptom (pain) and this precise anatomic localization:
• “Pain in cervical spine” and “Neck pain” are broader—cover the entire cervical spine, losing the specific occipito-atlanto-axial detail.
• Other candidates describe different disorders (enthesopathy, neuralgia, somatic dysfunction, sprain, deformities, radiculopathy, etc.) rather than nonspecific pain, or add etiologic details not present in the source.
Because no candidate maintains the exact anatomical specificity without adding or omitting clinical detail, there is no exact match."
"Enthesopathy, upper arm",37224781,"Enthesopathy, unspecified, upper arm",-1,no_match,"None of the candidate concepts precisely represent an enthesopathy specifically located in the upper arm. The closest options (e.g., 'Enthesopathy of upper limb') are broader, covering the entire upper limb (shoulder, arm, forearm, wrist, hand), while others are for different specific regions (elbow, shoulder, wrist, hand). Selecting any of these would either broaden or shift the anatomical location, violating the requirement to maintain exact clinical equivalence."
"Rheumatism, forearm",37224790,"Rheumatism, unspecified, forearm",-1,no_match,"None of the candidate concepts capture both required elements: (1) rheumatism and (2) localization to the forearm. Concepts such as 'Rheumatism' are missing the anatomical site, while 'Disorder of forearm' lacks the specific diagnosis of rheumatism. Therefore an exact clinical equivalent is not present in the provided list."
Osteoporosis with pathological fracture,37224955,"Other osteoporosis with pathological fracture, other",40480160,Osteoporotic fracture,"Concept 40480160 ""Osteoporotic fracture"" represents a fracture that occurs in the setting of osteoporosis (i.e., a pathological fracture due to osteoporosis). Synonyms include ""Osteoporosis with fracture,"" which is clinically equivalent to the source term ""Osteoporosis with pathological fracture."" It preserves the required level of specificity (fracture caused by osteoporosis) without adding location, laterality, or etiology details not present in the source. All other candidates are either more specific (location, etiology, laterality) or belong to a different domain (morphologic abnormality), making them unsuitable."
Osteoporosis with pathological fracture,37224965,"Unspecified osteoporosis with pathological fracture, other",40480160,Osteoporotic fracture,"The source term denotes the coexistence of osteoporosis and a pathological (fragility) fracture caused by the osteoporotic bone. SNOMED concept 40480160 ""Osteoporotic fracture"" has synonyms such as ""Osteoporosis with fracture"" and represents a fracture occurring in osteoporotic bone, thereby embodying both the disease (osteoporosis) and its complication (pathological fracture). It matches the clinical meaning precisely without adding or omitting particulars about fracture site, laterality, or etiology subtype, thus preserving the same level of specificity and generality. All other candidates are either more specific (e.g., limited to certain bones, laterality, or secondary/postmenopausal types) or represent broader/nonspecific pathological fractures unrelated to osteoporosis. Therefore, 40480160 is the single exact equivalent concept."
"Osteitis condensans, hand",37225260,"Osteitis condensans, hand",-1,no_match,None of the candidate concepts describe condensing (sclerosing) osteitis specifically occurring in the hand. Candidates are either: (a) Osteitis condensans without anatomical site (concept_id 75920) – too general; (b) Osteitis of hand (concept_id 4065727) – lacks the ‘condensans’ qualifier and is therefore more general; or (c) concern other anatomical regions or generic disorders of hand/limb. Hence no exact clinical equivalent exists among the provided targets.
"Chronic haematogenous osteomyelitis, ankle and foot",37225373,"Other chronic haematogenous osteomyelitis, ankle and foot",-1,no_match,"The source term specifies three key elements: (1) chronic course, (2) haematogenous etiology, and (3) anatomical site limited to ankle and foot. None of the candidate concepts preserve all three details simultaneously. The closest matches are 137077 (captures chronic and ankle/foot but omits haematogenous etiology) and 36714236 (captures chronic and haematogenous but omits ankle/foot location). Because every available target either omits the etiological qualifier or the anatomical specificity, there is no exact equivalent concept. Selecting any candidate would violate the requirement to maintain the full specificity of the source term."
"Osteonecrosis, multiple sites",37225618,"Osteonecrosis in other diseases classified elsewhere, multiple sites",-1,no_match,"The source term specifies osteonecrosis affecting multiple anatomical sites without indicating a specific etiology. No candidate concept captures both (1) osteonecrosis and (2) involvement of multiple sites, without adding extra causal detail. 
- Concept 4287786 ""Osteonecrosis"" is too general (does not specify multiple sites).
- Concept 37160392 ""Osteonecrosis of multiple sites due to hemoglobinopathy"" is too specific (adds hemoglobinopathy etiology).
- Bilateral or location-specific concepts (e.g., bilateral hips, bilateral tibias, upper limb) are either limited to particular regions or laterality, not all possible multiple sites.
Therefore, no exact clinical equivalent exists among the provided targets."
"Chondrolysis, forearm",37225693,"Chondrolysis, forearm",-1,no_match,"The source term specifies chondrolysis (loss of articular cartilage) occurring in the forearm. None of the candidate concepts include the forearm location. Those that mention chondrolysis are either site-unspecified (broader) or limited to other anatomic sites (e.g., hip, femoral head). Under the requirement to preserve all specified clinical details, no exact equivalent exists among the provided targets."
Recurrent and persistent haematuria,37225820,"Recurrent and persistent haematuria, other",-1,no_match,"The source term explicitly combines two distinct clinical qualifiers—both recurrent and persistent haematuria—in a single concept. None of the candidate targets includes BOTH qualifiers simultaneously. Each candidate represents either recurrent haematuria or persistent haematuria (or more specific sub-types), but not the combined category. Selecting any one of these would lose part of the stated clinical detail, violating the requirement to preserve all key aspects of the source term. Therefore, no exact equivalent concept is present among the provided candidates."
Familial pulmonary arterial hypertension,37282746,Familial (FPAH),44783618,Heritable pulmonary arterial hypertension,"Concept 44783618 ""Heritable pulmonary arterial hypertension"" has the exact synonym ""Familial pulmonary arterial hypertension"" and represents the same clinical entity: pulmonary arterial hypertension occurring on a familial/heritable basis. It matches the source term in etiology (familial/heritable), anatomic site (pulmonary arteries), and disease type (arterial hypertension), with no addition or loss of specificity. Other candidates are either subordinate (e.g., specific gene mutations) or use outdated terminology (""primary"") but 44783618 is the precise standard equivalent."
Punctate keratosis,37320084,Punctate keratosis,-1,no_match,"None of the candidate concepts exactly match the source term. The closest option, ""Punctate palmoplantar keratoderma"" (concept_id 4300110), adds the specific location ""palmoplantar,"" which is not specified in the source term ""Punctate keratosis."" This introduces additional clinical detail and is therefore more specific than the source term, violating the requirement not to over-specify. All other candidates refer to different conditions (e.g., corneal keratopathy/keratitis, porokeratosis, psoriasis) or are too broad (e.g., ""Keratoderma""). Consequently, no exact equivalent concept is present in the candidate list."
"Dementia, moderate, with agitation",37402416,"Dementia in other diseases classified elsewhere, moderate, with agitation",-1,no_match,No candidate preserves both required details: (1) moderate severity of dementia and (2) presence of agitation. Each target concept omits at least one of these key clinical qualifiers or adds an etiology not specified in the source term.
"Dementia, severe, with anxiety",37402457,"Unspecified dementia, severe, with anxiety",-1,no_match,"None of the candidate concepts simultaneously capture both key components of the source term: (1) dementia at a specified severe stage and (2) co-existing anxiety. Each candidate either omits the severity qualifier (e.g., Anxiety due to dementia) or omits the anxiety component (e.g., Severe dementia). Therefore no exact clinical equivalent is present among the targets."
Cocaine use in remission,37402466,"Cocaine use, unspecified, in remission",-1,no_match,"The source term indicates cocaine use that is in remission but does not specify whether the prior use involved dependence, abuse, or another specific pattern. All candidate concepts add information not present in the source term (e.g., 'dependence', 'nondependent harmful pattern') or are too broad (e.g., 'Disorder in remission'). Because every available candidate is either more specific or more general than the source term, no exact clinical equivalent is present."
Stimulant use in remission,37402467,"Other stimulant use, unspecified, in remission",-1,no_match,"The source term indicates a general category of any stimulant use disorder that is currently in remission, without specifying subtype (e.g., dependence vs. abuse/harmful use) or specific stimulant agent. All candidate concepts add additional specificity (e.g., dependence, harmful/non-dependent patterns, specific substances such as amphetamine) that is not present in the source term. Conversely, the broader concepts that denote ‘disorder in remission’ or ‘substance dependence in remission’ omit the key detail that the substance involved is a stimulant. Therefore none of the provided target concepts exactly preserves the clinical scope and granularity of the source term, so no adequate match is available."
Hallucinogen use in remission,37402468,"Hallucinogen use, unspecified, in remission",-1,no_match,"None of the candidate concepts exactly represent ""Hallucinogen use in remission"". The concepts that are specific to hallucinogens all introduce additional qualifiers—either ""dependence"" or ""non-dependent harmful pattern""—that are not stated in the source term, thereby over-specifying it. The more generic remission concepts lack the required mention of hallucinogen use and so are too broad. Hence no exact clinical equivalent is available among the candidates."
Inhalant use in remission,37402469,"Inhalant use, unspecified, in remission",-1,no_match,"None of the candidate concepts represent exactly ""inhalant use in remission."" Concepts that include remission are either too general (e.g., ""Harmful pattern of substance use in remission,"" ""Substance dependence in remission"") or over-specific (e.g., ""Glue sniffing dependence in remission"" specifies a particular inhalant and dependence). Concepts that mention inhalant use do not specify remission (e.g., ""Harmful pattern of use of volatile inhalant""). Therefore, no candidate maintains the same level of specificity and generality as the source term."
Abnormal findings in cerebrospinal fluid,37604135,Abnormal findings in cerebrospinal fluid,4065770,Cerebrospinal fluid examination abnormal,"The SNOMED concept 4065770 ""Cerebrospinal fluid examination abnormal"" (synonym: ""Nonspecific abnormal findings in cerebrospinal fluid"") represents any abnormal result detected in a CSF examination without specifying the type of abnormality. This exactly matches the source term’s scope—abnormal findings in cerebrospinal fluid—without adding or omitting clinical detail. All other candidates introduce additional specificity (e.g., immunological, cytological, microbiological) or represent different constructs (procedures, individual analyte abnormalities)."
Abnormal liver function studies,37604162,Abnormal results of liver function studies,438878,Liver function tests outside reference range,"Concept 438878 ""Liver function tests outside reference range"" has a synonym ""Abnormal results of liver function studies,"" which exactly matches the clinical meaning of the source term—an abnormal (outside normal reference range) result of liver function studies. It preserves the specificity (abnormality of liver function test results) without adding or omitting clinical details. Other candidates are either procedures (e.g., ""Hepatic function panel""), broader (""Abnormal liver function""), or direction-specific (""above reference range""). Thus 438878 is the single best equivalent."
Adverse effects of antiparkinsonism drugs,37604386,Adverse effects in the therapeutic use of antiparkinsonism drugs,443602,Adverse reaction to antiparkinsonism drug,"The target concept 443602 ""Adverse reaction to antiparkinsonism drug"" exactly represents harmful or undesired effects resulting from the use of any antiparkinsonism medication. It matches the clinical scope (covers all antiparkinsonism drugs), severity and timing are unspecified in both, and it is neither broader (does not include other drug classes) nor narrower (includes all antiparkinsonism agents). Therefore, it is an exact clinical equivalent."
Attention to artificial openings,37604557,Attention to artificial openings,1242753,Attention to stoma,"The source term refers to clinical care or maintenance of surgically created openings (stomas). The target concept 1242753 ""Attention to stoma"" represents the same procedure—providing care to an artificial opening—without specifying location or type, preserving the exact level of specificity. Other candidates are either too general (e.g., ""Patient encounter procedure""), unrelated (e.g., cognitive ""Attention""), or focused on different structures or contexts, so they are inappropriate. Therefore, concept 1242753 is an exact clinical equivalent."
"Acute onset vascular dementia with hallucinatory symptoms, severe",37604869,"Acute onset vascular dementia with other, mainly hallucinatory symptoms, severe",-1,no_match,"No candidate includes all required details (vascular dementia + acute onset + hallucinations + severe). The closest term, ""Vascular dementia of acute onset"" (concept_id 4046089), lacks both the hallucinatory feature and the severity qualifier, so it is less specific than the source. All other candidates either lack the acute-onset qualifier, the hallucinations, the severity specification, or the vascular etiology. Therefore no exact clinical equivalent exists among the candidate concepts."
"Dementia in Creutzfeldt-Jakob disease with predominantly hallucinatory symptoms, mild",37605180,"Dementia in Creutzfeldt-Jakob disease, with other symptoms, predominantly hallucinatory, mild",-1,no_match,"No candidate preserves all critical attributes of the source term (etiology = Creutzfeldt-Jakob disease, predominant hallucinatory symptoms, and mild severity). The closest candidate (concept_id 4180284: ""Dementia due to Creutzfeldt Jakob disease"") lacks both the specification of hallucinatory symptoms and the mild stage, making it broader than the source. All other candidates either omit the Creutzfeldt-Jakob etiology or the hallucinatory/mild qualifiers, or introduce different etiologies, thus none is an exact clinical equivalent."
Hereditary factor VIII deficiency,37605894,Hereditary factor VIII deficiency,434007,Hereditary factor VIII deficiency disease,"Concept 434007 ""Hereditary factor VIII deficiency disease"" represents the same clinical condition as the source term: a congenital/hereditary deficiency of coagulation factor VIII (Hemophilia A). It preserves the same specificity (hereditary etiology, factor VIII, no added qualifiers such as severity or inhibitor status) and is neither broader nor more specific than the source term. Other candidates are either more specific (e.g., with/without inhibitor, severity levels) or broader (e.g., generic factor VIII deficiency including acquired forms)."
Benign lipomatous neoplasm,37606067,Benign lipomatous neoplasm,4112852,Benign lipomatous tumor,"Concept 4112852 ""Benign lipomatous tumor"" is semantically equivalent to the source term. Both denote a benign neoplasm composed of adipose tissue (lipomatous). It preserves the same specificity (benign + lipomatous) without adding or omitting clinical details. Other candidates are either morphologic concepts (not clinical disorders), more general (e.g., ""Lipomatous tumor"" includes malignant forms) or site-specific, so they are not exact matches."
Endocarditis and heart valve disorders,37607004,Endocarditis and heart valve disorders in diseases classified elsewhere,-1,no_match,"The source term refers to a combined category that includes BOTH endocarditis and other heart-valve disorders. All candidate concepts represent either (a) endocarditis alone, (b) heart-valve disorders alone, or (c) specific sub-types (infective, rheumatic, prosthetic, etc.). None of them simultaneously and completely covers the full scope of “endocarditis AND heart valve disorders.” Therefore no exact clinical equivalent exists among the provided targets."
Diseases of Bartholin gland,37607152,Other diseases of Bartholin gland,4103650,Disorder of Bartholin's gland,"The source term denotes any pathological condition of the Bartholin gland. The target concept 4103650 ""Disorder of Bartholin's gland"" is a direct synonym (""Disorder of Bartholin gland"") covering the full range of diseases of this gland without adding or omitting clinical detail, so it is an exact equivalent."
Alveolar and parietoalveolar conditions,37607287,Alveolar and parietoalveolar conditions,4252581,Alveolar pneumopathy,"The source term refers to pathologic conditions affecting the pulmonary alveoli and the adjacent parieto-alveolar region. SNOMED concept 4252581 ""Alveolar pneumopathy"" denotes alveolar lung disease and, in its hierarchy, explicitly includes ""Parietoalveolar pneumopathy"" as a child, thereby covering both alveolar and parietoalveolar disorders. It matches the scope and level of specificity of the source without adding or omitting clinically relevant detail. Other candidates are either broader (e.g., ""Disorder of lung""), limited to only one component (e.g., ""Parietoalveolar pneumopathy"" alone), or refer to unrelated dental or measurement concepts. Hence 4252581 is the exact clinical equivalent."
Noise exposure,37607571,Exposure to noise,434238,Exposed to noise,"The source term refers generically to having been subjected to noise. The SNOMED concept 434238 ""Exposed to noise (event)"" is an exact semantic equivalent, representing the state/event of exposure to noise without adding or omitting clinical details. Other candidates are either more specific (e.g., occupational exposure) or represent different notions (noise pollution, intolerance, resulting disorders). Therefore, concept 434238 is the precise match."
Adverse effects of aminoglycosides,37607584,Adverse effects in the therapeutic use of aminoglycosides,4099883,Aminoglycosides adverse reaction,"Concept 4099883 ""Aminoglycosides adverse reaction"" explicitly represents adverse reactions (effects) to the class of aminoglycoside antibiotics, matching the source term in both scope and specificity. Other candidates are either broader (e.g., ""Antibacterial drug adverse reaction""), narrower (e.g., reactions to specific aminoglycosides), or describe different clinical scenarios such as poisoning or nephropathy, and therefore are not exact equivalents."
Non-neuropathic heredofamilial amyloidosis,37608257,Non-neuropathic heredofamilial amyloidosis,4030362,Familial non-neuropathic amyloidosis,"Concept 4030362 ""Familial non-neuropathic amyloidosis"" has the synonym ""Nonneuropathic heredofamilial amyloidosis,"" which is an exact wording match to the source term. It captures the same level of specificity (hereditary/familial amyloidosis explicitly characterized as non-neuropathic) without adding or omitting clinical details. All other candidates are either more specific (e.g., limited to heart, brain, kidney) or represent neuropathic forms, making them non-equivalent. Therefore, concept 4030362 is the precise clinical equivalent."
Nonrheumatic tricuspid valve stenosis with insufficiency,37609039,Nonrheumatic tricuspid (valve) stenosis with insufficiency,4111414,Non-rheumatic tricuspid valve stenosis with insufficiency,"The target concept 4111414 ""Non-rheumatic tricuspid valve stenosis with insufficiency"" exactly matches the source term in valve (tricuspid), pathology (concurrent stenosis and insufficiency/regurgitation), and etiology (non-rheumatic). No other candidate matches all these aspects without being broader or more specific. Therefore it is a precise clinical equivalent."
Active stage of trachoma,37609802,Active stage of trachoma,375736,"Trachoma, active stage","The target concept ""Trachoma, active stage"" (concept_id 375736) precisely matches the source term in both condition (trachoma) and specific disease stage (active). It is neither broader nor more specific, and no additional or missing clinical details exist. All other candidates are either different stages (e.g., initial), general (trachoma without stage), sequelae, other chlamydial conditions, procedures, lab tests, or unrelated disorders. Hence, concept_id 375736 is the exact equivalent."
Malignant neoplasm of overlapping sites of corpus uteri,37610053,Malignant neoplasm: Overlapping lesion of corpus uteri,198082,Overlapping malignant neoplasm of body of uterus,"Concept 198082 ""Overlapping malignant neoplasm of body of uterus"" is clinically identical to the source term: it represents a malignant tumor located in overlapping sites within the corpus uteri (body of uterus). It preserves the malignancy, anatomic location, and the ""overlapping"" qualifier without adding or omitting any clinical details."
Extra marker chromosomes,37611262,Extra marker chromosomes,40480271,Extra unidentified structurally abnormal chromosome,"The source term describes the presence of one or more additional marker chromosomes—small, structurally abnormal chromosomes whose origin is unidentified. SNOMED concept 40480271 ""Extra unidentified structurally abnormal chromosome"" has the synonym ""Marker chromosome"" and captures exactly the same clinical situation: an extra, unidentified, structurally abnormal (marker) chromosome. It neither adds extra qualifiers (e.g., familial, specific chromosome type) nor omits any key detail. Therefore it is an exact clinical equivalent."
Rotator cuff syndrome,37611631,Rotator cuff syndrome,-1,no_match,"None of the candidate concepts exactly correspond to the unlateralized condition ""Rotator cuff syndrome.""  • ""Disorder of rotator cuff"" is broader (includes any disorder, not necessarily the syndrome).  • Laterality-specified concepts (right, left, bilateral rotator cuff syndrome) are more specific than the source.  • Concepts such as ""rotator cuff impingement syndrome,"" ""inflammation of rotator cuff tendon,"" ""impingement syndrome of shoulder region,"" and various tendinitis/tear concepts describe particular subtypes or related but narrower conditions.  Because all available candidates are either overly general or overly specific, no exact semantic match exists among them."
Pilonidal cyst without abscess,37611822,Pilonidal cyst without abscess,4165681,Pilonidal cyst,"Concept 4165681 ""Pilonidal cyst"" represents the same clinical condition—a pilonidal cyst without specifying or implying the presence of an abscess. It matches the source term in type, severity, and location (general pilonidal area) without adding or omitting clinically relevant details. Other candidates are either more general (""Pilonidal disease""), more specific (e.g., chronic, natal cleft), represent a different lesion type (sinus), or explicitly involve an abscess, making them unsuitable."
Endometrial glandular hyperplasia,37613302,Endometrial glandular hyperplasia,200775,Endometrial hyperplasia,"In standard gynecologic pathology, ""endometrial hyperplasia"" refers to a proliferation of the endometrial glands (i.e., glandular hyperplasia). Adding the word ""glandular"" does not change the clinical entity or narrow it to a particular subtype (e.g., simple, complex, atypical). Among the candidates, concept 200775 ""Endometrial hyperplasia"" captures exactly this condition without adding or omitting clinically relevant detail. All other candidates are either specific sub-types (simple, cystic, atypical) or more general (non-site-specific glandular hyperplasia) and therefore do not meet the required equivalence."
Acne excoriée,37613645,Acn� excori�e ,4004094,Excoriated acne,"The target concept ""Excoriated acne"" directly corresponds to the French term ""Acne excoriée"" (also listed as synonym ""Acne excoriee des jeunes filles""). It preserves the full clinical specificity (acne lesions secondarily excoriated by scratching) without adding or omitting details, making it an exact clinical equivalent."
Hepatitis A with hepatic coma,37613740,Hepatitis A with hepatic coma,194856,Hepatic coma due to viral hepatitis A,"Concept 194856 (""Hepatic coma due to viral hepatitis A"") explicitly represents hepatitis A complicated by hepatic coma, maintaining the same etiology (type A viral hepatitis) and presence of hepatic coma. No other candidate preserves both the specific virus type (A) and the coma complication without adding or omitting clinical details."
"Mental disorders and diseases of the nervous system complicating pregnancy, childbirth and puerperium",37613827,"Mental disorders and diseases of the nervous system complicating pregnancy, childbirth and the puerperium",-1,no_match,"The source term requires BOTH (1) mental disorders AND (2) diseases of the nervous system as complications of pregnancy, childbirth, or puerperium. 
• Concept 4063155 covers only nervous system diseases.
• Concept 4060424 and several others cover only mental disorders.
• Concepts such as 435875 are too broad (any complication).
None of the candidate concepts simultaneously include both required categories without adding or omitting clinical detail. Therefore, no exact match exists among the provided candidates."
Supervision of normal first pregnancy,37614022,Supervision of normal first pregnancy,4061424,Antenatal care: primigravida,"The source term refers to antenatal supervision for a woman in her first (primigravida) and otherwise normal pregnancy. Concept 4061424 ""Antenatal care: primigravida"" is a procedure describing antenatal (supervisory) care specifically for primigravida patients, matching both the supervision aspect and the first-pregnancy specificity without adding high-risk qualifiers. All other candidates are either too general (e.g., routine antenatal care, supervision), lack the primigravida detail, or relate to high-risk pregnancies, so they do not meet the specificity requirements."
Type 2 diabetes mellitus with neurological complications,37614126,"Type 2 diabetes mellitus, with neurological complications",376065,Disorder of nervous system due to type 2 diabetes mellitus,"Concept 376065 ""Disorder of nervous system due to type 2 diabetes mellitus"" captures exactly a neurological complication (any nervous system disorder) attributable to type 2 diabetes mellitus, matching the clinical meaning of the source term without adding or omitting details."
Arterial embolism and thrombosis,37615395,Embolism and thrombosis of other arteries,312337,Arterial embolus and thrombosis,"Concept 312337 ""Arterial embolus and thrombosis"" describes the combined presence of both arterial embolism and arterial thrombosis, matching the full clinical meaning of the source term without adding or omitting any detail. All other candidates are either broader, narrower, or omit one of the two components (embolism or thrombosis)."
Artery dissection,37622382,Artery dissection,46272492,Dissection of artery,"The source term describes a general arterial dissection without specifying location, acuity, etiology, or laterality. Concept 46272492 “Dissection of artery” is an exact SNOMED disorder term that represents arterial dissection in general. It retains the same level of specificity—neither broader (it excludes non-arterial dissections) nor narrower (it does not constrain to a particular artery or circumstance). All other candidate concepts are more specific (e.g., internal carotid, coronary) and therefore violate the ‘Do not over-specify’ rule. Hence 46272492 is the single correct match."
Allergic purpura,42483611,Allergic purpura,4101602,Immunoglobulin A vasculitis,"The clinical term “Allergic purpura” is historically synonymous with Henoch-Schönlein purpura / anaphylactoid purpura, now formally named Immunoglobulin A (IgA) vasculitis. Target concept 4101602 carries these exact synonyms and describes the same small-vessel vasculitis characterized by purpura secondary to IgA immune-complex deposition. No additional details are added and no information is lost, so it is an exact clinical equivalent."
Brucellosis due to Brucella melitensis,42483830,Brucellosis due to Brucella melitensis,443590,Infection caused by Brucella melitensis,"The source term specifies a brucellosis infection caused by the organism Brucella melitensis. The target concept 443590 ""Infection caused by Brucella melitensis"" is a disorder representing brucellosis due to this specific pathogen, matching precisely in etiology and clinical meaning without adding or omitting details. No other candidate is equally specific and appropriate."
Zoonotic bacterial disease,42483858,"Zoonotic bacterial disease, unspecified",-1,no_match,"None of the candidate concepts is an exact clinical equivalent. Concepts such as ""Bacterial infectious disease"" or ""Communicable diseases, bacterial"" are broader and do not specify zoonotic transmission, while terms like ""Tularemia"" are far more specific (one particular zoonotic bacterial disease). Therefore no listed concept preserves the same level of specificity as the source term."
Plasmodium malariae malaria without complication,42484445,Plasmodium malariae malaria without complication,-1,no_match,"No candidate concept explicitly represents uncomplicated Plasmodium malariae malaria. The closest term, ""Quartan malaria"" (concept_id 438353), is broader because it encompasses both complicated and uncomplicated cases, thus failing the requirement to preserve the source term’s explicit qualifier ""without complication."" All other candidates are either too general, specify different species, represent laboratory entities, or describe complicated forms."
"Malignant melanoma of upper limb, including shoulder",42484898,"Malignant melanoma of upper limb, including shoulder",438983,Malignant melanoma of skin of upper limb,"The source term refers to a malignant melanoma located on the skin of the upper limb (explicitly including the shoulder). Concept 438983 ""Malignant melanoma of skin of upper limb"" is a SNOMED disorder that represents malignant melanoma of the skin over the entire upper limb region, which anatomically includes the shoulder. It matches the malignancy type (melanoma), tissue (skin), and anatomic scope (upper limb including shoulder) without adding or omitting clinical specificity. Alternative candidates are either too broad (e.g., 4149851 lacks skin specification) or too narrow/specific to sub-sites (e.g., 4247714 shoulder only) or use a non-preferred vocabulary (ICDO3). Therefore, concept 438983 is the best exact equivalent."
Anaemia in chronic diseases,42485777,Anaemia in other chronic diseases classified elsewhere,437247,Anemia of chronic disease,"Concept 437247 ""Anemia of chronic disease"" is clinically equivalent: it denotes anemia occurring in the setting of chronic systemic disorders/inflammatory diseases, which matches the source term. It carries the same level of specificity (not broader like generic anemia, nor narrower like kidney-related or infection-specific anemia)."
Nontoxic goitre,42485922,"Nontoxic goitre, unspecified",141825,Simple goiter,"Concept 141825 ""Simple goiter"" is explicitly synonymous with ""Non-toxic goiter / goitre"" and represents an enlarged thyroid gland without thyrotoxicosis, exactly matching the source term in clinical meaning without adding or omitting detail."
Persistent mood [affective] disorder,42486701,"Persistent mood[affective] disorder, unspe- cified",-1,no_match,"The source term corresponds to the ICD-10 category F34, encompassing chronic mood (affective) disorders such as dysthymia and cyclothymia. No candidate maintains exactly this level of specificity.
• 444100 ""Mood disorder"" is broader (includes acute and episodic forms).
• 607543 ""Persistent depressive disorder"", 433440 ""Dysthymia"", 440696 ""Cyclothymia"", and similar entries are narrower (represent individual subtypes within the category).
• Other candidates either describe different constructs (e.g., adjustment disorder, affect findings) or add qualifiers (severity, remission, medical cause).
Therefore, none of the provided target concepts is an exact clinical equivalent."
headache syndromes,42487129,Other headache syndromes,375527,Headache disorder,"The source term refers to the clinical group of headache-related syndromes/disorders in general. The SNOMED concept 375527 ""Headache disorder"" represents the same broad class of conditions (i.e., any disorder characterized primarily by headache). It matches the level of specificity (not limited to a single subtype, location, or etiology) and is neither broader nor narrower than the source. Other candidates (e.g., ""Headache"" symptom, specific subtypes such as cluster headache or cough headache) are either findings, overly specific, or context/observation concepts, so they are not equivalent."
nerve root and plexus disorders,42487203,Other nerve root and plexus disorders,43531046,Disorder of nerve root and/or plexus,"The source term describes any pathological condition affecting nerve roots and/or nerve plexuses. The SNOMED concept 43531046 ""Disorder of nerve root and/or plexus"" is an exact semantic equivalent—covering all disorders of both structures without adding extra specificity (e.g., cause, site, or laterality) and without being broader (it does not include disorders outside nerve roots/plexuses). Therefore it is the single best match."
Congenital and developmental myasthenia,42487274,Congenital and developmental myasthenia,4046356,Congenital myasthenic syndrome,"The source term describes myasthenia that is present from birth or early development. ""Congenital myasthenic syndrome"" (concept_id 4046356) is the standard term for inherited, congenital-onset disorders of neuromuscular transmission producing myasthenia. It fully captures the congenital/developmental nature without adding extra specificity or omitting required detail. Other candidates are either broader (e.g., genetically determined myasthenia) or narrower (familial infantile myasthenia), so 4046356 is the exact clinical equivalent."
Nonrheumatic mitral valve disorder,42488431,"Nonrheumatic mitral valve disorder, unspecified",45769461,Non-rheumatic mitral valve disease,"Concept 45769461 'Non-rheumatic mitral valve disease' matches exactly the clinical meaning of the source term: a disorder/disease of the mitral valve that is specified as non-rheumatic. It preserves the same valve (mitral) and the non-rheumatic etiology without adding or omitting detail. Other candidates are either broader (e.g., non-rheumatic heart valve disorder) or more specific subtypes (e.g., non-rheumatic mitral stenosis or regurgitation), so 45769461 is the single exact equivalent."
Isolated myocarditis,42488458,Isolated myocarditis,4143969,Isolated (Fiedler's) myocarditis,"The target concept ""Isolated (Fiedler's) myocarditis"" (concept_id 4143969) explicitly names the same clinical entity as the source term. ""Fiedler's myocarditis"" is historically synonymous with isolated myocarditis, indicating myocarditis occurring without associated pericardial or endocardial disease. No additional specificity or generalization is introduced, so it is an exact clinical match."
Nonspecific lymphadenitis,42488804,Nonspecific lymphadenitis,-1,no_match,"The source term specifies lymphadenitis of nonspecific (unknown) etiology. None of the candidates represents this exact concept.  
• Lymphadenitis (316084) is broader because it includes both specific and nonspecific forms.  
• Nonspecific mesenteric adenitis (4147494) is restricted to the mesenteric lymph nodes, adding an anatomic detail not present in the source.  
• All other candidates either add acuity (acute/chronic), location (cervical, inguinal, mesenteric, etc.), histology (granulomatous, necrotizing), or describe lymphadenopathy rather than lymphadenitis.  
Because no target concept matches “nonspecific lymphadenitis” exactly, no suitable mapping is available."
"Chronic obstructive pulmonary disease with acute exacerbation, mild",42489033,"Chronic obstructive pulmonary disease with acute exacerbation, unspecified, mild",-1,no_match,"No candidate concept includes both required elements: (1) chronic obstructive pulmonary disease with an acute exacerbation and (2) specification of mild severity. Concepts either lack the exacerbation aspect (e.g., 4196712) or lack the mild qualifier (e.g., 257004). Therefore, an exact clinical equivalent is not present."
"Chronic respiratory failure, type I [hypoxic]",42489166,"Chronic respiratory failure, type I [hypoxic]",4177862,Chronic hypoxemic respiratory failure,"The source term specifies chronic respiratory failure of type I (hypoxemic). Concept 4177862 is ""Chronic hypoxemic respiratory failure"" with synonyms ""Chronic type I respiratory failure,"" which exactly preserves chronicity and the hypoxemic (type I) specification. All other candidates are either acute, hypercapnic (type II), mixed, or lack the chronic qualifier, making them non-equivalent."
Sensitive dentine,42489309,Sensitive dentine,4028685,Sensitive dentin,"The source term refers to hypersensitivity of dentine. Concept 4028685 ""Sensitive dentin"" in SNOMED is clinically identical, with synonyms ""Dentine hypersensitivity"" and ""Sensitive dentin"", matching the spelling variant without adding or omitting clinical details. Other candidates are either more specific (e.g., root sensitivity, sensitivity to specific stimuli) or unrelated. Therefore, 4028685 is the exact equivalent."
disorders of teeth and supporting structures,42489446,Other specified disorders of teeth and supporting structures,201603,Disorder of teeth AND/OR supporting structures,"The SNOMED concept 201603 ""Disorder of teeth AND/OR supporting structures"" precisely captures the same clinical category as the source term, encompassing any pathological condition affecting the teeth themselves or their supporting tissues. It neither adds extra specificity nor omits any element present in the source term. All other candidate concepts are either broader (e.g., ""Disease of mouth"") or narrower (e.g., ""Periodontal disease"")."
Acute erosion of stomach with haemorrhage,42489523,Acute erosion of stomach with haemorrhage,-1,no_match,"The source term specifies three key elements: (1) an erosion (not ulcer), (2) located in the stomach, (3) acute in onset, and (4) accompanied by hemorrhage. No candidate concept contains all of these simultaneously. 
- Concept 4143871 provides erosion with hemorrhage but lacks the qualifier ""acute."" 
- Concept 4087594 provides an acute gastric erosion but omits hemorrhage. 
- Concepts that mention hemorrhage and acute status (e.g., 4231580) describe gastric ulcers, not erosions, and therefore do not match the pathology. 
Because none of the targets preserve the full specificity of the source term, no exact equivalent exists among the provided concepts."
functional intestinal disorders,42489776,Other specified functional intestinal disorders,196151,Functional disorder of intestine,"The source term denotes functional (non-structural) disorders of the intestine. SNOMED concept 196151 ""Functional disorder of intestine"" captures exactly the same clinical idea—functional (i.e., motility or sensory) abnormalities limited to the intestine. It preserves the same anatomic scope and level of specificity, differing only in grammatical number. No other candidate is an equally precise match; alternatives are either broader (e.g., involving the whole GI tract) or different in meaning. Therefore concept_id 196151 is the exact equivalent."
diseases of pancreas,42489995,Other diseases of pancreas,192963,Disorder of pancreas,"The source term refers broadly to any pathologic condition of the pancreas. In SNOMED, the concept 192963 ""Disorder of pancreas"" is the umbrella term that encompasses all pancreatic diseases (inflammatory, neoplastic, degenerative, congenital, etc.). It preserves the same level of breadth and clinical meaning as the source term without adding or omitting key specifics. Other candidates are either too specific (e.g., pancreatitis, fibrosis, polycystic disease) or pertain to separate contexts (injury, endocrine-only). Therefore concept_id 192963 is the exact clinical equivalent."
diseases of digestive system,42490022,Other diseases of digestive system,4201745,Disorder of digestive system,"The source term refers broadly to any diseases affecting the digestive system. SNOMED concept 4201745 ""Disorder of digestive system"" captures the same scope: any pathological condition of the digestive system. It is neither broader (does not extend beyond digestive system) nor more specific (does not restrict to subtype, chronicity, pregnancy, etc.). Therefore it is an exact clinical equivalent."
Allergic contact dermatitis due to dyes,42490152,Allergic contact dermatitis due to dyes,4064029,Allergic contact dermatitis caused by dye,"The target concept ""Allergic contact dermatitis caused by dye"" (4064029) exactly matches the clinical meaning of the source term, specifying both the type of dermatitis (allergic contact) and the etiology (dyes). It preserves all clinical details (allergic, contact, dermatitis, dye-related) without adding or omitting information. No other candidate is a closer or equally precise match."
papulosquamous disorders,42490238,Other specified papulosquamous disorders,4330878,Papulosquamous dermatosis,"The target concept ""Papulosquamous dermatosis"" is clinically and semantically equivalent to the source term ""papulosquamous disorders."" Both describe the same class of skin conditions characterized by papules and scales. The term is neither broader nor more specific than the source, maintaining exact clinical scope. No other candidate provides a closer or more precise match without adding or omitting clinical detail."
Papulosquamous disorders,42490240,Papulosquamous disorders in diseases classified elsewhere,4330878,Papulosquamous dermatosis,"The concept ""Papulosquamous dermatosis"" designates the same category of skin disease characterized by papules and scales as the source term ""Papulosquamous disorders."" It matches the source in scope and specificity, whereas the other candidates are either subtypes (e.g., psoriasiform dermatitis) or represent related but distinct conditions (e.g., erythematosquamous dermatosis)."
Arthritis of forearm,42490575,"Arthritis in other bacterial diseases classified elsewhere, forearm",-1,no_match,"No candidate preserves both required elements: (1) the specific diagnosis of arthritis and (2) the anatomical site 'forearm'. Concepts that mention arthritis lack the forearm location (e.g., Arthritis of elbow, Arthritis of wrist, general Arthritis), while the single concept that refers to the forearm (Disorder of forearm) is too broad and does not specify arthritis. Therefore, no exact clinical equivalent exists among the provided candidates."
Arthritis of lower leg,42490600,"Arthritis in other viral diseases classified elsewhere, lower leg",-1,no_match,"The source term specifies arthritis located in the lower leg. All candidates either 1) lack the anatomic qualifier (e.g., generic ""Arthritis""), 2) refer to a broader region such as the entire lower limb (""Lower limb joint arthritis""), or 3) focus on a particular joint or subtype not implied by the source (e.g., ""Arthritis of knee,"" ""Gouty arthritis""). None preserve exactly the same level of anatomic specificity without adding or omitting detail, so no exact match is available."
Rheumatoid arthritis with involvement of other organs and systems,42490762,Rheumatoid arthritis with involvement of other organs and systems,4200987,Extra-articular rheumatoid process,"The source term denotes rheumatoid arthritis that has extended beyond the joints, producing extra-articular (systemic, organ) manifestations. Among the candidates, only “Extra-articular rheumatoid process” explicitly represents rheumatoid disease with involvement of organs and systems outside the joints. It preserves the same level of specificity (rheumatoid pathology plus extra-articular involvement) without adding or omitting clinical detail. All other candidates are either generic rheumatoid arthritis (lack organ involvement) or focus on specific joints or a single manifestation, thereby failing to capture the systemic involvement required by the source term."
"Seronegative rheumatoid arthritis, shoulder region",42490880,"Seronegative rheumatoid arthritis, shoulder region",1244750,Seronegative rheumatoid arthritis of joint of shoulder region,"Concept 1244750 explicitly represents seronegative rheumatoid arthritis involving the shoulder region joint with no added laterality or other qualifiers, exactly matching the clinical detail of the source term. Other candidates are either more specific (left/right/bilateral shoulder) or more general (location unspecified or seropositive)."
"chondrocalcinosis, lower leg",42491304,"Other chondrocalcinosis, lower leg",-1,no_match,"None of the candidate concepts exactly represent chondrocalcinosis specifically located in the lower leg. 
• Concept 437064 (""Chondrocalcinosis"") lacks the required anatomical qualifier, making it more general than the source term.
• Concept 72986 (""Disorder of lower leg"") lacks the specific pathology (chondrocalcinosis), so it is too broad.
• All other candidates specify other anatomic sites (knee, ankle, foot, elbow, hip) or particular sub-types (familial, crystal-specific), making them either location-mismatched or overly specific relative to the source.
Therefore, no exact clinical equivalent is present among the given target concepts."
"Varus deformity, multiple sites",42491566,"Varus deformity, NEC, multiple sites",-1,no_match,"None of the candidate concepts represents a varus deformity involving multiple anatomical sites without adding or omitting clinically relevant details. Each candidate is either limited to a single body part (e.g., limb, knee, ankle, foot, tibia), restricted to a specific laterality, or specifies the deformity as acquired or congenital—information not present in the source term. Therefore, no exact equivalent concept is available among the provided options."
secondary scoliosis,42492095,"Other secondary scoliosis, site unspecified",4006163,Acquired scoliosis,"""Secondary scoliosis"" refers to a spinal curvature that develops as a consequence of another underlying condition (non-idiopathic, non-congenital). In SNOMED CT the concept that carries the same meaning is ""Acquired scoliosis"" (concept_id 4006163), defined as scoliosis that develops after birth secondary to another disorder, trauma, degeneration, etc. It preserves the key clinical idea (scoliosis that is not idiopathic or primary) without adding or omitting details. All other candidates are either broader (""Scoliosis deformity of spine""), pertain to other curve types (e.g., kyphosis), or introduce additional specifics (location, etiology, age group) not present in the source. Hence 4006163 is the single best equivalent match."
"recurrent vertebral subluxation, occipito-atlanto-axial region",42492193,"Other recurrent vertebral subluxation, occipito-atlanto-axial region",-1,no_match,"The source term specifies a recurrent vertebral subluxation specifically involving the occipito-atlanto-axial region. None of the candidate concepts simultaneously capture (1) recurrence, (2) subluxation, and (3) the combined occipito-atlanto-axial location without adding extra detail (e.g., myelopathy) or omitting required detail (e.g., recurrence or specific joint/region). Therefore, no exact clinical equivalent is present among the provided concepts."
"Spondylopathy, lumbosacral region",42492510,"Spondylopathy in other infectious and parasitic diseases classified elsewhere, lumbosacral region",-1,no_match,"The source term denotes any spondylopathy (disease of the vertebrae) specifically involving the combined lumbosacral region, without specifying etiology or subtype. 
• Concepts such as ""Disorder of sacrum"" or ""Disorder of lumbar spine"" omit part of the stated region (either lumbar or sacral) and are therefore too broad or incomplete.
• Concepts like ""Lumbosacral spondylosis"" or ""Spondylolysis of lumbosacral region"" represent particular subtypes (degenerative spondylosis, pars defect) and are thus more specific than the unspecified ""spondylopathy.""
• Concepts qualified by etiology (e.g., ""Traumatic spondylopathy,"" ""Neuropathic spondylopathy"") add detail not present in the source term and are over-specified.
• No candidate exactly captures an unspecified/any-cause spondylopathic disorder of the entire lumbosacral region. Consequently, no exact clinical equivalent is available among the provided targets."
"Necrotising fasciitis, hand",42493253,"Necrotising fasciitis, hand",-1,no_match,"None of the candidate concepts is an exact clinical equivalent:
• The generic concept ""Necrotizing fasciitis"" (133566) lacks the required anatomic qualifier (hand), so it is broader than the source.
• Location-non-specific concepts such as ""Necrotizing soft tissue infection"" (40484119) are also broader.
• Concepts that specify an etiology (e.g., 42710028 ""Necrotizing fasciitis caused by Streptococcus pyogenes"" or 36716729 ""Polymicrobial necrotizing fasciitis"") add detail not present in the source, making them over-specific.
• ""Gas gangrene of hand"" (4090703) represents a different pathological entity, not necrotizing fasciitis.
• Other candidates describe cellulitis, abscesses, gangrene, or generic disorders of the hand/limb, none of which are equivalent.
Therefore, no exact SNOMED (or other vocabulary) concept in the candidate list precisely represents ""Necrotising fasciitis, hand""."
"Fibrous dysplasia, monostotic",42493875,Fibrous dysplasia (monostotic),4233830,Monostotic fibrous dysplasia,"The target concept ""Monostotic fibrous dysplasia"" (concept_id 4233830) exactly matches the source term in both condition type (fibrous dysplasia) and specificity (monostotic, i.e., involving a single bone). It is neither broader nor more specific than the source, fulfilling all matching rules. All other candidates are either polyostotic, unspecified, location-specific, or represent morphological observations rather than the clinical disorder, making them non-equivalent."
"Idiopathic aseptic necrosis of bone, forearm",42494070,"Idiopathic aseptic necrosis of bone, forearm",-1,no_match,"No candidate concept retains both required elements: (1) idiopathic etiology and (2) localization to the forearm. Available idiopathic concepts lack the forearm location, while forearm-specific concepts either lack idiopathic specification or specify a different etiology. Therefore, no exact clinical equivalent exists among the targets."
"disorders of bone development and growth, ankle and foot",42494188,"Other disorders of bone development and growth, ankle and foot",-1,no_match,"The source term requires a condition that is simultaneously (1) a disorder of bone development/growth and (2) limited to the ankle and foot. No candidate concept carries both the developmental-bone qualifier and the precise ankle/foot location. All candidates are either too general (e.g., Disorder of bone development), lack the developmental/growth aspect (e.g., Disorder of joint of ankle and/or foot), or involve different/anatomically broader or narrower regions. Hence an exact clinical equivalent is not present in the list."
Incomplete abortion with complications,42495121,"Incomplete other abortion, with other and unspecified complications (conditions in O08.3-O08.)",-1,no_match,"None of the candidate concepts simultaneously capture all required attributes: an incomplete abortion of unspecified type (not limited to induced or spontaneous) that is stated to be complicated. Concepts that include complications are either restricted to induced abortions or are over-specific to particular complications (e.g., embolism, hemorrhage, shock). Concepts without the complication qualifier or lacking the ‘incomplete’ detail are too broad. Therefore, no exact clinical equivalent is present among the provided targets."
Toxic reaction to local anaesthesia during labour and delivery,42495520,Toxic reaction to local anaesthesia during labour and delivery,4065626,Toxic reaction to local anesthetic during labor and delivery,"Concept 4065626 has identical clinical meaning to the source term: both describe a toxic reaction to a local anesthetic specifically occurring during labor and delivery. No additional details are added and none are omitted, so specificity and generality are perfectly preserved."
respiratory distress of newborn,42495796,Other respiratory distress of newborn,37161510,Neonatal respiratory distress,"The source term denotes the clinical finding of respiratory distress occurring in a newborn infant. The SNOMED concept 37161510 ""Neonatal respiratory distress"" captures exactly the same clinical idea—respiratory distress present in a neonate—without adding or omitting details regarding cause, severity, timing, or specific syndrome. Concepts referring to respiratory distress syndrome (258866) or restricting the timing to the early neonatal period (37161512) are either too specific to a particular etiology or narrower in timeframe. Therefore, 37161510 is the precise and equivalent match."
"Congenital absence, atresia and stricture of external auditory canal",42496152,"Congenital absence, atresia and stricture of auditory canal(external)",-1,no_match,"The source term is a composite category that simultaneously encompasses three distinct congenital defects of the external auditory canal: absence, atresia and stricture/stenosis. All candidate target concepts represent only one of these components (e.g., absence only, atresia only, or stricture/stenosis only) or include additional anatomic details (e.g., auricle involvement, laterality). Therefore each candidate is either too narrow or over-specified relative to the source term. No single concept in the list fully captures the complete scope of the source term, so no exact match exists."
congenital malformations of heart,42496228,Other specified congenital malformations of heart,312723,Congenital heart disease,"The source term refers to structural defects of the heart present at birth. Concept 312723 (""Congenital heart disease"") is defined as congenital anomalies/malformations of the heart and is listed with synonyms such as ""Congenital anomaly of heart"" and ""Heart malformation."" It preserves the same scope (heart only, congenital origin) without adding or omitting clinical details, making it an exact clinical equivalent."
"Localized swelling, mass and lump of skin and subcutaneous tissue",42496887,"Localized swelling, mass and lump of skin and subcutaneous tissue",-1,no_match,"None of the candidate concepts express the full combination of (1) localized swelling OR mass OR lump AND (2) location limited to BOTH skin and subcutaneous tissue. Each candidate either omits the possibility of mass/lump (e.g., 4102120 ""Swelling of skin"", 42596454 ""Swelling of subcutaneous tissue""), omits the subcutaneous tissue component (e.g., 4183953 ""Mass of skin""), or is overly broad or refers to other anatomic regions (e.g., 4275722 ""Swelling"", 4113999 ""Mass of body region""). Because no candidate maintains all required clinical details without adding or losing information, there is no exact equivalent match."
Clubbing of fingers,42497062,Clubbing of fingers,134746,Finger clubbing,"The SNOMED CT concept 134746 ""Finger clubbing"" explicitly describes the same clinical finding as the source term. It carries the same anatomical location (fingers) and the same pathological change (clubbing). It is neither broader (e.g., general nail clubbing) nor more specific (e.g., congenital variants), making it an exact clinical equivalent."
Abnormal microbiological findings in specimens from male genital organs,42497161,Abnormal microbiological findings in specimens from male genital organs,4171911,Abnormal microbiological finding in specimen from male genital organ,"The candidate concept 4171911 states ""Abnormal microbiological finding in specimen from male genital organ,"" which exactly captures the same clinical idea as the source term: an abnormal microbiological result detected in a specimen originating from male genital organs. The slight difference in plurality (finding vs. findings) does not alter the clinical meaning. No other candidate maintains both the required organ system (male genitalia) and the microbiological context. Therefore, 4171911 is a precise, neither broader nor narrower, semantic equivalent."
Open wound of vagina and vulva,42498185,Open wound of vagina and vulva,-1,no_match,"None of the candidate concepts simultaneously and explicitly cover BOTH the vagina and the vulva. Available targets are either broader (e.g., 'Injury of female genital system', 'Open wound of external genital organs') or limited to only one of the two sites ('Open wound of vagina' or 'Open wound of vulva'). Therefore no exact clinical equivalent is present among the candidates."
Toxic effects of phenol and phenol homologues,42500798,Toxic effects of phenol and phenol homologues,40483089,Poisoning by phenolic,"The source term describes toxicity/poisoning resulting from phenol and its homologues (phenolic compounds). The SNOMED concept 40483089 ""Poisoning by phenolic"" represents poisoning caused by phenolic substances, explicitly encompassing phenol and its derivative phenolic compounds. It captures the same etiologic agents and type of toxic effect without adding or omitting clinical details, meeting both specificity and generality requirements. Other candidates are either too narrow (e.g., only phenol) or too broad (e.g., any benzene derivatives) or unrelated. Therefore, 40483089 is the exact clinical equivalent."
effects of reduced temperature,42500894,Other specified effects of reduced temperature,4086745,General effects of low temperature,"The source term refers to the clinical consequences that arise from exposure to low/reduced temperature. The SNOMED concept 4086745 ""General effects of low temperature"" explicitly represents the same idea—conditions resulting from exposure to reduced temperature—without adding or omitting clinical detail. It is neither broader (does not include heat or other physical forces) nor more specific (does not restrict to a particular type of cold injury or body site). Therefore, it is an exact clinical equivalent."
antibiotic resistance,42501284,Resistance to other single specified antibiotic,37017452,Drug resistance to antibacterial agent,"The source term refers to the phenomenon in which bacteria are resistant to antibiotics (antibacterial drugs). The SNOMED concept 37017452 ""Drug resistance to antibacterial agent"" explicitly denotes resistance to antibacterial (antibiotic) agents, matching the clinical meaning without adding extra specificity (e.g., a particular organism or infection site) or omitting key detail. Other candidates are either too broad (""Drug resistance""), focus on host resistance (""Bacterial resistance""), denote specific pathogens or infections, or represent laboratory tests/organisms rather than the resistance phenomenon itself. Therefore, 37017452 is the exact equivalent concept."
Contact with venomous marine animals and plants,42503460,"Contact with venomous marine animals and plants, unspecified place",-1,no_match,"None of the candidate concepts simultaneously capture all required details (contact/exposure, marine context, and both venomous animals and plants). Closest options are 4155221 (includes venomous animals/plants but not restricted to marine) and 4213723 (restricted to marine but excludes plants and venomous specification). Therefore no exact equivalent concept is present."
Surgical operation with formation of external stoma as cause of abnormal reaction or complication,42505118,"Surgical operation with formation of external stoma as the cause of abnormal reaction of the patient, or of later complication, without mention of misadventure at the time of the procedure",-1,no_match,"None of the candidate concepts capture the full meaning of the source term. The source term specifies (1) a particular type of surgical procedure – formation of an external stoma – and (2) that this procedure is being cited specifically as the CAUSE of an abnormal reaction or later complication.  
• Concepts such as ""Complication of surgical procedure"" or ""Complication of colostomy"" represent the complication itself, not the procedure that caused it, and are therefore semantically different.  
• Procedure concepts such as ""Construction of external stoma"" describe the operation but lack the explicit etiologic-cause context required by the source term.  
Because no candidate simultaneously represents both the specific operation and its role as an external cause of subsequent adverse events, an exact clinical equivalent is not present among the targets."
Sequelae of assault,42505140,Sequelae of assault,4054807,Late effects of assault,"The SNOMED concept 4054807 ""Late effects of assault"" exactly captures the clinical meaning of the source term: both denote late effects (sequelae) specifically resulting from an assault. It preserves the same level of specificity—neither broader (e.g., sequelae of any disorder) nor narrower (e.g., homicide attempt, domestic violence). All other candidate concepts are either too general or too specific, so 4054807 is the single exact match."
Contact with and exposure to intestinal infectious diseases,42505276,Contact with and exposure to intestinal infectious diseases,37116462,Exposure to intestinal infectious disease,"The source term denotes a situation in which the individual has had contact with or exposure to intestinal infectious diseases, not the disease itself. Concept 37116462 ""Exposure to intestinal infectious disease"" captures this identical scenario, representing an event/observation of exposure to intestinal infectious disease. It preserves the same scope (exposure/contact) and specificity (intestinal infectious diseases). All other candidates are either too broad (e.g., ""Exposure to organism""), too narrow (e.g., exposure to a specific pathogen), or represent different clinical notions (actual infection, screening, education, carrier state). Therefore, concept 37116462 is the exact clinical equivalent."
Heart and lung transplant status,42505891,Heart and lungs transplant status,42538118,Transplanted heart-lung present,"The source term describes the clinical status of a patient who has undergone combined heart-lung transplantation (i.e., the transplanted organs are present). Concept 42538118 'Transplanted heart-lung present' is a clinical finding with synonym 'Heart-lung transplant recipient', conveying exactly that status. All other candidates are either limited to a single organ, represent procedures, complications, planning, or other contexts, so they do not match the required meaning."
Hereditary disturbances in tooth structure,42505980,"Hereditary disturbances in tooth structure, unspecified",606884,Hereditary disorder of tooth,"The source term describes hereditary abnormalities affecting the structure of the tooth. SNOMED concept 606884 ""Hereditary disorder of tooth"" conveys the same clinical meaning: a genetic/hereditary condition of tooth structure. It matches in scope (hereditary, tooth-specific) without adding or omitting detail. Other candidates are either broader (e.g., general tooth disorders) or narrower (specific entities like dentinogenesis imperfecta), so 606884 is the single exact equivalent."
"Pyogenic arthritis, upper arm",42616346,"Pyogenic arthritis, unspecified, Upper arm",-1,no_match,"None of the candidate concepts exactly match the source term. The source specifies pyogenic (suppurative) arthritis located in the upper arm. Available candidates are either: (a) site-specific to the elbow or shoulder region, which are more specific than the unspecified ‘upper arm’, or (b) entirely site-unspecified (e.g., “Suppurative arthritis”) which is too general. Because no candidate preserves the exact anatomic scope of ‘upper arm’ without over- or under-specifying, no exact clinical equivalent is present."
"scoliosis, occipito-atlanto-axial region",42617412,"Other forms of scoliosis, occipito-atlanto-axial region",-1,no_match,"The source term specifies scoliosis limited to the occipito-atlanto-axial (upper cervical\/cranio-vertebral) region without indicating etiology or age group. No candidate concept captures this exact anatomic restriction while matching the condition type. Available scoliosis concepts are either: (a) restricted to a different etiology or age group (e.g., adolescent idiopathic scoliosis, neuromuscular scoliosis), or (b) cover a broader anatomic area (e.g., scoliosis of cervical spine) that exceeds the specified occipito-atlanto-axial region. Other candidates describe different disorders (torticollis, enthesopathy, kyphosis, etc.). Therefore an exact clinical equivalent is not present among the candidates."
"Spinal stenosis, lumbosacral region",42617680,"Spinal stenosis, lumbosacral region",4152592,Spinal stenosis of lumbosacral region,"The SNOMED concept 4152592 ""Spinal stenosis of lumbosacral region"" exactly matches the source term, preserving the same anatomical location and condition specificity (spinal canal narrowing at the lumbosacral region). No other candidate is both necessary and sufficient without being broader or more specific."
"Sacrococcygeal disorders, sacral and sacrococcygeal region",42617855,"Sacrococcygeal disorders, not elsewhere classified, sacral and sacrococcygeal region",-1,no_match,"The source term is a broad, non-etiology-specific grouping that encompasses all disorders of both the sacral and sacrococcygeal regions. None of the candidate concepts fully capture this scope:
• ""Disorder of sacrum"" omits coccygeal disorders.
• Concepts that include both sacral and coccygeal regions (e.g., trauma-related, radiculopathy, enthesopathy) are limited to a single etiology or anatomical structure subset.
• Other candidates focus on specific conditions (stenosis, neoplasm, scoliosis, etc.) rather than the entire set of disorders.
Because no candidate preserves the full generality of “all sacral and sacrococcygeal disorders” without adding restrictions, there is no exact clinical match."
"Panniculitis, sacral and sacrococcygeal region",42617884,"Panniculitis affecting regions of neck and back, sacral and sacrococcygeal region",-1,no_match,"The source term specifies panniculitis involving both the sacral and sacrococcygeal regions. None of the candidate concepts simultaneously cover panniculitis of both the sacrum and coccyx area. The closest options (e.g., 4273693 ""Panniculitis affecting sacrum"" and 1076981 ""Panniculitis of lumbar and sacral regions"") omit the sacrococcygeal component, making them too narrow, while others are either broader (""Panniculitis affecting back"") or clinically different. Therefore an exact equivalent concept is not present among the candidates."
"dorsalgia, thoracolumbar region",42617901,"Other dorsalgia, thoracolumbar region",42596408,Thoracolumbar back pain,"The source term denotes back (dorsal) pain localized to the thoracolumbar region. ""Thoracolumbar back pain"" (concept_id 42596408) precisely describes pain in that same anatomical area without adding or omitting clinical details, making it an exact match. All other candidates are either too general (e.g., Pain in spine), limited to only thoracic or lumbar regions, or describe different conditions (e.g., radiculopathy, stenosis), so they do not meet the specificity requirement. The selected concept is therefore the single best equivalent."
"Syphilitic bursitis, pelvic region and thigh",42618386,"Syphilitic bursitis, pelvic region and thigh",-1,no_match,"The source term requires BOTH an etiology (syphilitic) AND an anatomic specification (pelvic region and thigh). No candidate simultaneously includes syphilitic bursitis with a pelvic/thigh location. Concepts either lack the syphilitic cause (e.g., bursitis of pelvic region) or lack the pelvic/thigh location (e.g., syphilitic bursitis). Therefore, no exact clinical equivalent is present among the candidates."
Localized osteoporosis,42618665,"Localized osteoporosis [Lequesne], other",4105090,Regional osteoporosis,"Among available concepts, 4105090 ""Regional osteoporosis"" best captures osteoporosis that is confined to a limited skeletal area without specifying etiology or additional qualifiers. Concepts such as ""Secondary localized osteoporosis"" or ""Localized disuse osteoporosis"" introduce causal details (secondary, disuse) not present in the source, while ""Localized osteoporosis – Lequesne"" is a specific eponymic subtype also categorized as secondary. Therefore 4105090 is the closest exact clinical equivalent that preserves the intended specificity of a localized (region-limited) osteoporosis without over- or under-specifying the condition."
"Subacute osteomyelitis, ankle and foot",42618963,"Subacute osteomyelitis, ankle and foot",-1,no_match,"No candidate preserves both key attributes: subacute acuity AND location covering ankle and/or foot. Concepts limited to ankle alone are too specific (exclude foot), while those that include ankle/foot lack the subacute qualifier, making them too general. Hence no exact clinical equivalent is available among the candidates."
"osteomyelitis, multiple sites",42619005,"Other osteomyelitis, multiple sites",134137,Osteomyelitis of multiple sites,"Concept 134137 (""Osteomyelitis of multiple sites"") exactly captures the clinical idea of osteomyelitis involving more than one anatomical location without adding acuity qualifiers (acute, chronic, subacute) or omitting the multiplicity aspect. Other candidates are either more specific (acute/chronic) or different conditions, violating the specificity/generality rules. Therefore, 134137 is the single exact equivalent."
"Idiopathic aseptic necrosis of bone, forearm",42619027,"Idiopathic aseptic necrosis of bone, forearm",-1,no_match,"An exact equivalent would need to specify BOTH (1) osteonecrosis limited to a forearm bone and (2) an idiopathic (atraumatic) etiology. None of the candidate concepts contains both of these required characteristics simultaneously. Concepts either (a) indicate idiopathic avascular necrosis without forearm location, (b) specify forearm/forearm bone location but omit the idiopathic qualifier, or (c) specify a different cause (e.g., hemoglobinopathy). Therefore, no candidate satisfies the required clinical specificity and context."
"Juvenile idiopathic scoliosis, multiple sites in spine",42619363,"Juvenile idiopathic scoliosis, multiple sites in spine",-1,no_match,"No candidate captures all required qualifiers. The source specifies (1) juvenile age-of-onset, (2) idiopathic etiology, and (3) involvement of multiple, unspecified spinal regions. Available ""juvenile idiopathic"" concepts are restricted to particular regions (thoracic, thoracolumbar) and are thus over-specific, while broader idiopathic scoliosis concepts omit the juvenile qualifier or the multi-site detail. Therefore no exact clinical equivalent is present among the candidates."
Undifferentiated nasopharyngeal carcinoma,43054093,Undifferentiated nasopharyngeal carcinoma,4306501,Undifferentiated carcinoma of nasopharynx,"The source term describes an undifferentiated carcinoma located in the nasopharynx without specifying additional attributes such as keratinization status, primary/metastatic nature, or specific wall involvement. Concept 4306501, “Undifferentiated carcinoma of nasopharynx,” matches exactly in location (nasopharynx) and differentiation status (undifferentiated) without adding or omitting clinical detail, making it an exact clinical equivalent."
Human herpesvirus 6 encephalitis,44819370,Human herpesvirus 6 encephalitis,40479557,Encephalitis caused by human herpesvirus 6 infection,"Concept 40479557 (""Encephalitis caused by human herpesvirus 6 infection"") is clinically identical to the source term: both describe encephalitis specifically attributed to human herpesvirus 6. It matches the same pathogen and the same neurological condition without adding or omitting clinical detail. All other candidates are either caused by different herpesviruses, are broader (any HHV-6 infection), or refer to non-encephalitis entities; therefore, 40479557 is the only exact equivalent."
Episodic alcohol dependence,44819551,"Other and unspecified alcohol dependence, episodic",435532,Episodic chronic alcoholism,"Concept 435532 ""Episodic chronic alcoholism"" is the only candidate that explicitly represents an episodic pattern of alcohol dependence (alcoholism is a standard synonym for alcohol dependence in SNOMED). It preserves both key elements of the source term—alcohol dependence and the episodic course—without adding or omitting clinical detail. All other candidates are either more general (e.g., substance dependence, episodic), less specific (e.g., alcohol dependence without specifying episodic course), or describe a different clinical condition (e.g., non-dependent harmful use, intoxication). Therefore, concept 435532 is the exact clinical equivalent."
Abnormality of urination,44820068,Other abnormality of urination,45757776,Abnormal urination,"Concept 45757776 ""Abnormal urination"" is semantically equivalent to the source term ""Abnormality of urination,"" describing any deviation from normal urination. It captures the same level of generality (any abnormal urination) without adding or omitting clinical details. All other candidates are either more specific (e.g., ""Abnormal urinary stream""), concern urine characteristics rather than the act of urination (e.g., ""Abnormal urine"", ""Abnormal urinary product""), represent procedures or tests (e.g., ""Urinalysis""), or are broader or different in scope (e.g., ""Disorder of urinary system""). Therefore, concept_id 45757776 is the correct and only exact match."
Exfoliation due to erythematous condition involving 10-19 percent of body surface,44821095,Exfoliation due to erythematous condition involving 10-19 percent of body surface,-1,no_match,"The source term requires (1) exfoliation/desquamation, (2) caused by an erythematous condition, and (3) specification that 10–19 % of the body surface is involved. 
• Concepts such as 4053454 ""Exfoliative erythema"" or 4270887 ""Erythroderma"" include exfoliation/erythema but do not indicate the extent (10–19 % BSA), so they are broader and miss a key detail.
• Concepts like 4057924 ""Corrosion involving 10 to 19 percent of body surface"" and 135699 ""Burn any degree involving 10-19 % of body surface"" match the BSA detail but describe burns/corrosions, not exfoliation due to erythema, and are thus clinically inappropriate.
• Other candidates (e.g., ""Peeling of skin"", ""Erythema"", various eczemas) lack both the combined exfoliation-erythema relationship and the specified body surface percentage.
No candidate precisely matches all required attributes, so there is no exact clinical equivalent among the provided concepts."
Accidents caused by transmission machinery,44821454,Accidents caused by transmission machinery,439456,Accident caused by power transmission machinery,"The target concept ""Accident caused by power transmission machinery"" (ID 439456) explicitly refers to accidents involving transmission machinery (i.e., power-transmission equipment such as gears, belts, shafts). It captures exactly the same event category as the source term without adding or omitting clinical details. All other candidates are either broader (e.g., ""Accident caused by machinery"") or more specific (e.g., accidents caused by particular transmission components). Therefore, concept 439456 is the single, precise match."
Psychomotor deficit,44825829,Psychomotor deficit,4220292,Impaired psychomotor performance,"""Impaired psychomotor performance"" conveys the same clinical idea as ""Psychomotor deficit"": a decreased or deficient ability to perform psychomotor activities. It matches the scope and specificity of the source term without adding or omitting details. Other candidates (e.g., psychomotor retardation, cognitive deficit in psychomotor function, or sequelae-specific disorders) are either narrower, emphasize a different aspect (cognitive), or add etiologic context, so they are not exact equivalents."
Mitral valve insufficiency and aortic valve stenosis,44827777,Mitral valve insufficiency and aortic valve stenosis,320115,Mitral insufficiency and aortic stenosis,"Concept 320115 ""Mitral insufficiency and aortic stenosis"" exactly represents the coexistence of mitral valve insufficiency (regurgitation) and aortic valve stenosis, matching both valve locations and lesion types stated in the source term without adding or omitting clinical details. Other candidates are either rheumatic-specific (over-specified) or describe different valve lesions, so 320115 is the single exact clinical equivalent."
phlebitis and thrombosis complicating pregnancy and puerperium with postpartum complication,44827989,"Other phlebitis and thrombosis complicating pregnancy and the puerperium, delivered, with mention of postpartum complication",4222152,Thrombophlebitis in puerperium,"The source term describes thrombophlebitis (phlebitis with associated thrombosis) occurring in the postpartum period (puerperium). SNOMED concept 4222152 ""Thrombophlebitis in puerperium"" explicitly represents postpartum (puerperal) thrombophlebitis, preserving both the thrombophlebitis nature (phlebitis + thrombosis) and the postpartum timing. It is neither broader nor more specific than the source term and thus is an exact clinical equivalent."
Mitral valve stenosis and aortic valve insufficiency,44828968,Mitral valve stenosis and aortic valve insufficiency,321041,Mitral stenosis and aortic insufficiency,"Concept 321041 ""Mitral stenosis and aortic insufficiency"" specifies mitral valve stenosis together with aortic valve insufficiency/regurgitation, exactly mirroring the source term. It is neither broader nor more specific (no additional etiologies or details are introduced), and its synonyms include the identical wording of the source term. All other candidates either reverse the lesions, omit one component, or add etiologic specificity (e.g., rheumatic), therefore they do not meet the exact‐match criteria."
Anaphylactic reaction due to vaccination,44829488,Anaphylactic reaction due to vaccination,37163629,Anaphylaxis caused by component of vaccine product,"The source term denotes an anaphylactic reaction triggered by a vaccination. Concept 37163629 ""Anaphylaxis caused by component of vaccine product"" specifically represents an anaphylactic reaction attributable to a vaccine (i.e., vaccine-induced anaphylaxis). It captures the same etiology (vaccination), severity (anaphylaxis), and context without adding or omitting clinical details. Other candidates are either too general (e.g., ""Anaphylaxis"") or specify particular vaccine types, making them more specific than the source term. Therefore, concept 37163629 is an exact clinical equivalent."
Poisoning by gases,44829563,"Poisoning by other gases, undetermined whether accidentally or purposely inflicted",608027,Poisoning caused by gaseous substance,"The source term denotes any poisoning event resulting from exposure to gaseous agents, without specifying intent, circumstance, or gas subtype. SNOMED concept 608027 ""Poisoning caused by gaseous substance"" has identical clinical meaning and level of specificity—it covers poisoning due to any gaseous substance generically, with no added constraints (e.g., intent, specific gas type, or setting). All other candidates are either broader (generic ""Poisoning""), narrower or context-restricted (e.g., accidental, self-poisoning, irritant/vesicant/crowd-control gas, fumes, anesthetic gas). Therefore 608027 is the single exact match."
Hepatitis E with hepatic coma,44829752,Hepatitis E with hepatic coma,-1,no_match,"None of the candidate concepts jointly specify BOTH hepatitis E and the presence of hepatic coma. Options either (a) describe hepatitis E without coma, (b) describe hepatic coma without specifying hepatitis E, or (c) specify hepatic coma due to other hepatitis types. Any such concept would be either broader or mismatched in etiology, thus no exact clinical equivalent is available among the candidates."
Kidney failure following abortion and ectopic and molar pregnancies,44830208,Kidney failure following abortion and ectopic and molar pregnancies,-1,no_match,"None of the candidate concepts captures renal (kidney) failure occurring after ALL THREE conditions—abortion, ectopic pregnancy, and molar pregnancy—simultaneously. Each candidate is either too broad (e.g., general pregnancy complications) or limited to only one of the three pregnancy outcomes, thus failing the specificity requirement."
symptoms involving urinary system,44830450,Other symptoms involving urinary system,74174,Urinary symptoms,"The source term refers to unspecified symptoms related to the urinary system. Concept 74174 ""Urinary symptoms"" (synonyms include ""Urinary system symptoms"") has the same scope—symptom-level findings reported by the patient involving the urinary system. It is neither broader nor narrower than the source term and preserves the clinical intent. No other candidate meets this level of exact equivalence."
Intracranial injury with open intracranial wound,44830528,Intracranial injury of other and unspecified nature with open intracranial wound,438590,Brain injury with open intracranial wound,"The source term describes a traumatic injury occurring inside the cranium that is associated with an open intracranial wound. SNOMED concept 438590 ""Brain injury with open intracranial wound"" contains the same two essential elements: (1) intracranial/brain injury and (2) presence of an open intracranial wound. It neither adds extra qualifiers (e.g., skull fracture, loss of consciousness, coma) nor omits required information. Although labelled ""brain injury,"" within the trauma terminology this is synonymous with unspecified intracranial injury. No other candidate maintains this exact level of specificity without over- or under-specifying, so 438590 is the appropriate equivalent."
Full-thickness skin loss due to third degree burn of trunk,44830588,Full-thickness skin loss due to burn [third degree NOS] of trunk,198911,Full thickness burn of trunk,"The source describes a third-degree (full-thickness) burn located on the trunk. SNOMED concept 198911 ""Full thickness burn of trunk"" (synonym: ""Third degree burn of trunk"") exactly captures both the severity (full-thickness / third degree) and the anatomical location (trunk) without adding or omitting details. Other candidates are either more specific (e.g., “Deep third degree…”) or refer to different depths or locations, so 198911 is the sole exact clinical equivalent."
Assault by submersion (drowning),44830712,Assault by submersion [drowning],439448,Assault by drowning,"The source term specifies an assault resulting in submersion/drowning. SNOMED concept 439448 ""Assault by drowning"" exactly captures this clinical scenario—an intentional assault that involves drowning. It matches the mechanism (drowning/submersion) and intent (assault) without adding or omitting any clinical detail. All other candidates differ in intent (accidental, suicide, unknown), mechanism (suffocation, strangulation, poisoning), or add additional context (e.g., specific circumstances such as boat accidents). Therefore, 439448 is the single precise match."
urinary problems,44830798,Other urinary problems,-1,no_match,"The source term ""urinary problems"" refers nonspecifically to any problematic condition of the urinary system (i.e., a clinical concern or complaint). None of the candidate concepts is an exact clinical equivalent: 
• ""Urinary system finding"" (4024000) includes normal as well as abnormal findings, so it is broader and not limited to ‘problems.’
• ""Disorder of urinary system"" (75865) is restricted to diseases/disorders and excludes non-disease problems such as functional symptoms, making it narrower.
• ""Urinary symptoms"" (74174) is limited to symptomatic complaints and excludes other kinds of problems (e.g., structural or functional disorders), hence narrower.
• ""Genitourinary tract problem"" (4104308) extends beyond the urinary system to include genital organs, so it is broader.
Other candidates are either body-part specific (e.g., bladder only) or represent complications, procedures, or observations not equivalent to the general notion of ""urinary problems."" Therefore, no exact match is present among the provided target concepts."
Late anemia of fetus or newborn due to isoimmunization,44831576,Late anemia of fetus or newborn due to isoimmunization,-1,no_match,"No candidate captures all three critical elements simultaneously (late onset, anemia, and applicability to both fetus and newborn). The closest option (concept_id 4071073) is limited to newborns only, thus over-specifying the population and omitting fetuses. All other candidates are either too broad (omit the “late” qualifier and/or anemia detail) or otherwise over-specific in a different way. Therefore no exact clinical equivalent is present among the supplied concepts."
Disorders of visual cortex associated with neoplasms,44832349,Disorders of visual cortex associated with neoplasms,4109398,Visual cortex disorder due to neoplasm,"The target concept ""Visual cortex disorder due to neoplasm"" (4109398) matches the source term in all clinically relevant aspects: location (visual cortex), etiology (associated with/due to neoplasm), and disorder nature. It is neither broader nor more specific than the source, whereas alternatives are either broader (e.g., disorder of visual pathways) or unrelated. Therefore it is an exact clinical equivalent."
"Persistent migraine aura with cerebral infarction, intractable, with status migrainosus",44833445,"Persistent migraine aura with cerebral infarction, with intractable migraine, so stated, with status migrainosus",-1,no_match,"The source term requires ALL of the following elements: 1) migraine with persistent aura, 2) cerebral (migrainous) infarction, 3) intractable/refractory, and 4) status migrainosus. No candidate concept simultaneously contains every one of these specifications. Each available target omits at least one mandatory detail (e.g., infarction, persistent aura, intractability, or status migrainosus). Therefore, there is no exact clinical equivalent among the provided targets."
congenital or acquired abnormality of cervix,44833743,"Other congenital or acquired abnormality of cervix, delivered, with or without mention of antepartum condition",-1,no_match,"None of the candidate concepts capture BOTH congenital and acquired abnormalities limited to structural/morphologic changes of the cervix. Concepts 444437 and 37110263 each cover only one aspect (congenital or acquired, respectively) and are therefore too narrow. ""Disorder of uterine cervix"" (442781) includes many conditions beyond structural abnormalities (e.g., infections, neoplasms) and is thus too broad. Since no candidate exactly corresponds to an abnormality of the cervix that may be congenital OR acquired without adding or omitting clinical detail, no exact match is available."
peripheral neuritis in pregnancy or postpartum,44834882,"Peripheral neuritis in pregnancy, postpartum condition or complication",-1,no_match,"None of the candidate concepts simultaneously capture both (a) the specific condition ""peripheral neuritis"" and (b) its occurrence in either pregnancy or the postpartum (puerperium) period. The closest candidates are:
- 197608 ""Peripheral neuritis in pregnancy"" – limited to pregnancy, omits postpartum.
- 4041280 ""Postpartum finding"" and 443404 ""Disorder of puerperium"" – cover postpartum period but are not specific to peripheral neuritis.
- 4063155 ""Disease of nervous system complicating pregnancy, childbirth and puerperium"" – includes both timeframes but is too general, losing the required specificity for ""peripheral neuritis"".
All other candidates either lack the obstetric context or the neuritis specificity. Therefore, no exact clinical equivalent is present in the list."
multiple pregnancy with fetal loss and retention of fetuses,44834899,"Other multiple pregnancy with fetal loss and retention of one or more fetus(es), delivered, with or without mention of antepartum condition",432373,Continuing pregnancy after intrauterine death of one or more fetuses,"The source describes a continuing multiple gestation in which one or more fetuses have died and remain in utero. SNOMED concept 432373 ""Continuing pregnancy after intrauterine death of one or more fetuses"" captures the same clinical situation: a multiple pregnancy that continues after fetal death with retention. It matches exactly in scope (multiple pregnancy, fetal loss, retained fetus) without adding or omitting clinical detail. Other candidates are either more specific (e.g., loss of exactly one fetus) or unrelated (e.g., triplet pregnancy, retained fetal tissue), so 432373 is the single equivalent concept."
Superficial thrombophlebitis complicating pregnancy and puerperium,44834936,"Superficial thrombophlebitis complicating pregnancy and the puerperium, delivered, with or without mention of antepartum condition",-1,no_match,"No single candidate concept is restricted to superficial thrombophlebitis occurring in BOTH pregnancy and the puerperium. Candidates that reference pregnancy alone (concept_id 4146460) or puerperium alone (concept_id 4143293) are too narrow, while broader terms such as venous complication of pregnancy and/or puerperium (concept_id 313543) or superficial thrombophlebitis without obstetric context (concept_id 4085025) lose required clinical detail. Therefore no exact equivalent is available among the provided concepts."
Open skull or facial fractures with other bones with brief loss of consciousness,44835126,"Open fractures involving skull or face with other bones, without mention of intracranial injury, with brief [less than one hour] loss of consciousness",-1,no_match,"The source term describes (1) open fractures involving skull OR facial bones AND additional bones, with (2) associated brief loss of consciousness. None of the candidate concepts capture all these elements simultaneously. Available targets either: • lack specification of fracture being open (e.g., Fracture of bone of head), • omit involvement of multiple/other bones (e.g., Open fracture of skull; Open fracture of vault of skull with loss of consciousness), • omit the brief loss-of-consciousness qualifier (e.g., Open fracture of skull), or • describe loss of consciousness without fractures (e.g., Brief loss of consciousness). Consequently, no candidate is an exact clinical equivalent without being broader or narrower than the source term."
"Diabetes mellitus complicating pregnancy, childbirth or puerperium",44837245,"Diabetes mellitus of mother, complicating pregnancy, childbirth, or the puerperium, unspecified as to episode of care or not applicable",194700,"Diabetes mellitus in mother complicating pregnancy, childbirth AND/OR puerperium","The source term refers to any diabetes mellitus that complicates pregnancy, childbirth, or the puerperium. SNOMED concept 194700 ""Diabetes mellitus in mother complicating pregnancy, childbirth AND/OR puerperium"" exactly captures this clinical scenario (diabetes mellitus affecting a pregnant/post-partum woman and acting as a complication). It is neither broader (does not include non-diabetic metabolic disorders) nor more specific (does not restrict to gestational or pre-existing subtypes, nor to only one period). Therefore it is an exact match. Other candidates are either broader (general pregnancy findings), narrower (e.g., gestational diabetes only, childbirth only, pre-existing type 2 DM), or lack the ""complicating"" qualifier."
Serum cystatin C level,45422081,Serum cystatin C level,4248803,Serum cystatin C measurement,"The target concept ""Serum cystatin C measurement"" (Concept ID 4248803) exactly represents a measurement of cystatin C in serum, preserving the analyte (cystatin C) and specimen type (serum) without adding or omitting clinical details. Other candidates are either broader (e.g., ""Blood cystatin C measurement"" includes plasma) or less specific (e.g., ""Cystatin C measurement"" with no specimen specified). Hence 4248803 is the single exact match."
B12 deficiency,45422256,B12 defic. initial assessment,4100822,Cobalamin deficiency,"The source term refers to deficiency of vitamin B12 (cobalamin) without specifying complications (e.g., anemia) or etiology. Concept 4100822 ""Cobalamin deficiency"" is an exact clinical equivalent, with synonyms including ""Vitamin B12 deficiency"". It matches the specificity of the source—neither broader (doesn’t include other B12 disorders) nor narrower (doesn’t add qualifiers such as anemia, neuropathy, dietary cause, etc.). Other candidates are either broader (e.g., general vitamin B or vitamin deficiency) or more specific (e.g., non-anemic B12 deficiency, megaloblastic anemia due to B12 deficiency). Therefore, concept 4100822 is the correct match."
Fall on and from scaffolding,45431148,"[X]Fall on and from scaffolding, occurrence at unspecified place",-1,no_match,"The closest candidate (concept_id 432804, ""Fall from scaffold"") represents only falls FROM scaffolding, whereas the source term includes both falls ON and FROM scaffolding. This makes the candidate more specific than the source, violating the requirement not to over-specify. No exact clinical equivalent is present among the candidates."
Faeces colour examination,45431993,Faeces examination - colour,4065548,Color of stool,"The source term denotes an examination/observation specifically of stool color. SNOMED concept 4065548 ""Color of stool"" is an Observable Entity used for such measurements, matching the same clinical focus without adding or omitting detail. Other candidates are either broader (e.g., general feces examination) or represent findings/results rather than the examination itself. Therefore, concept 4065548 is the exact clinical equivalent."
B12 deficiency,45445431,B12 defic.follow-up assessment,4100822,Cobalamin deficiency,"The source term refers to a deficiency of vitamin B12 (cobalamin). Concept 4100822 ""Cobalamin deficiency"" has synonyms that include ""Vitamin B12 deficiency"" and represents exactly the same clinical condition without adding or omitting details. Other candidates are either more specific (e.g., anemia due to B12 deficiency, non-anemic B12 deficiency) or broader (e.g., disorder of vitamin B12, vitamin B deficiency). Therefore, concept 4100822 is the single exact match."
Motile sperm count,45448546,Total count of motile sperm,4043611,Total count of motile spermatozoa,"The source term refers to the total number (count) of motile sperm. The target concept 4043611 ""Total count of motile spermatozoa"" explicitly represents the same measurement, including the key detail of motility and count. It is neither broader (does not include non-motile sperm or other semen parameters) nor more specific (does not add extra qualifiers such as morphology or concentration units). Therefore, it is an exact clinical equivalent."
Endocrine monitoring,45458717,Endocrine monitoring NOS,-1,no_match,"The source term refers to generic monitoring of endocrine function/system without specifying an underlying disorder, treatment, or specific context. The closest candidate (concept_id 4063245 ""Endocrine disorder monitoring"") explicitly requires the presence of an endocrine disorder, adding clinical detail not present in the source and therefore over-specifies the meaning. All other candidates are either broader (e.g., ""Metabolic monitoring""), different in nature (e.g., one-time studies or findings), or add further specifics (e.g., monitoring of hormone replacement therapy, thyroid disease). Consequently, no candidate represents an exact clinical equivalent."
Serum parathyroid hormone,45465320,Serum parathyroid hormone,4154637,Serum parathyroid hormone measurement,"The target concept ""Serum parathyroid hormone measurement"" (4154637) explicitly represents the measurement of parathyroid hormone level in serum, matching the analyte (parathyroid hormone) and the specimen type (serum) stated in the source term. It is neither broader (e.g., generic parathyroid hormone measurement without specifying specimen) nor more specific (e.g., intact PTH or a particular assay method), thus preserving the exact clinical meaning of the source term. Other candidates refer to plasma rather than serum, include related peptides or antibodies, or introduce additional assay details, making them non-equivalent."
Serum bicarbonate,45465331,Serum bicarbonate,4150494,Serum bicarbonate measurement,"The source term refers to the laboratory determination of bicarbonate in serum. Concept 4150494 ""Serum bicarbonate measurement"" explicitly represents the measurement/level of bicarbonate in serum, matching the body fluid (serum) and the nature of the test without adding or omitting clinical details. Other candidates are either broader (e.g., include plasma or any blood) or incorporate result interpretation (normal/abnormal), so they do not represent an exact clinical equivalent."
Adverse reaction to thyroxine sodium,45471238,Adverse reaction to thyroxine sodium,4162153,Thyroxine adverse reaction,"The target concept ""Thyroxine adverse reaction"" represents an adverse reaction to thyroxine. Thyroxine sodium (levothyroxine sodium) is the sodium salt form of thyroxine; clinically, adverse reactions are attributed to the thyroxine moiety itself. Thus the target captures the same clinical idea without adding or omitting specificity. No other candidate is a closer or exact match."
Synovial fluid exam,45488815,Synovial fluid exam. NOS,4057464,Synovial fluid examination,"The target concept ""Synovial fluid examination"" (concept_id 4057464) is an exact clinical equivalent of the source term ""Synovial fluid exam."" It represents the same procedure—an examination of synovial fluid—without adding or omitting any clinical details. Other candidates are either findings (normal/abnormal), specific analyses, or context concepts, and therefore are not exact matches for the general examination procedure."
Bacteriology culture,45488830,Culture - bacteriology,4016945,Bacterial culture,"The source term denotes performing a culture to detect or grow bacteria. The target concept ""Bacterial culture"" (concept_id 4016945) is a procedure specifically defined as culturing bacteria, matching exactly in purpose and scope. It is neither broader (e.g., not including virology or mycology) nor more specific (no sub-site, specimen type, or method details). Therefore it is an exact clinical equivalent. All other candidates are either broader (""Bacteriology - general"", ""Microbial culture""), contain unrelated qualifiers, or add specificity (e.g., aerobe/anaerobe, screening, numbered organisms), so they do not meet equivalence criteria."
Fall on/from ladder,45494505,[X]Fall on/from ladder,-1,no_match,"The source term specifies both falls ""on"" and ""from"" a ladder, corresponding to ICD-10 concept W11 ""Fall on and from ladder."" The closest candidate (concept_id 432803, ""Fall from ladder"") covers only falls from a ladder and excludes falls that occur on a ladder, making it more specific than the source term. No candidate fully captures the bidirectional ""on/from"" wording without adding or omitting clinical detail, so no exact equivalent concept is present in the candidate list."
strabismus (squint),45501759,O/E - strabismus - squint,4329707,Strabismus,"The source term denotes the general condition of ocular misalignment (strabismus/squint) with no specification of type, cause, onset, laterality, or pattern. Concept 4329707 ""Strabismus"" is the corresponding generic disorder concept that exactly captures this meaning without adding or omitting clinical detail. All other candidates are either more specific subtypes (e.g., congenital, mechanical, esotropia) or belong to other domains (questions, answers, possible diagnosis) and therefore violate the specificity/generality requirements."
delayed wound healing,45511686,O/E wound healing delayed,37312235,Delayed healing of wound,"The concept ""Delayed healing of wound"" (37312235) exactly matches the clinical idea of the source term ""delayed wound healing""—both describe a wound whose healing process is taking longer than expected. The candidate is neither broader (e.g., any wound finding) nor more specific (e.g., surgical or traumatic wounds only). Other candidates such as ""Impaired wound healing"" are slightly broader, while those referring to surgical wounds or trauma add specificity not present in the source. Therefore, 37312235 is the single exact equivalent."
Urine screen,45515541,Urine screen due,4064933,Urine screening,"The source term refers to a general screening procedure performed on a urine specimen without specifying the analyte or purpose. Concept 4064933 ""Urine screening"" is a procedure that exactly represents a general screening of urine, matching the intended meaning without adding or omitting clinical details. All other candidates either add specific context (e.g., due, abnormal, specific analyte, drug type) or differ in semantic type, so they are not exact equivalents."
Low vision,45516780,Low vision,-1,no_match,"No candidate concept represents exactly ""Low vision"" without specifying laterality (one eye vs both eyes) or altering the level of specificity. Options such as ""Low vision, both eyes"" and ""Low vision, one eye"" add laterality not present in the source term (over-specify), while concepts like ""Abnormal vision"" or ""Visual impairment"" are broader than ""Low vision"" (under-specify). Therefore, no exact clinical equivalent is available among the provided target concepts."
Child lives with father,45518269,Child lives with father,-1,no_match,"The source term specifies both (1) the subject is a child and (2) the child lives with the father. No candidate concept contains both pieces of information. 
• 4072595 ""Lives with father"" omits the fact that the subject is a child, making it broader.
• 44790891 ""Child lives with parent"" includes the child context but is nonspecific as to which parent.
• 4059154 ""Single parent family, father present"" introduces additional information (single-parent family) not present in the source.
All other candidates are either more general or add unrelated details. Therefore, no exact clinical equivalent is available in the provided list."
right femoral pulse present,45518428,O/E - R.femoral pulse present,37312075,Pulse present in right femoral artery,"The target concept ""Pulse present in right femoral artery"" (concept_id 37312075) exactly captures the clinical finding of a palpable (present) femoral pulse on the right side. It includes the same anatomical site (femoral artery) and the same laterality (right) without adding or omitting any additional clinical detail, satisfying both specificity and generality requirements."
Injury by rolling stock,45520843,"Injured by rolling stock, NOS",-1,no_match,"All candidate concepts add extra mechanism-specific detail (hit, run over, crushed, knocked down, killed, collision, etc.) that is not present in the source term. Therefore each candidate is more specific than the generic source term ""Injury by rolling stock"", so none is an exact clinical equivalent."
"Pressure ulcer of hip, stage 1",45533656,"Pressure ulcer of unspecified hip, stage 1",37170748,Pressure injury of hip stage I,"The source term describes a stage 1 (stage I) pressure ulcer/injury located on the hip, with no specification of laterality. Concept 37170748 ""Pressure injury of hip stage I"" exactly matches the required body site (hip), severity/stage (stage I), and lacks additional details such as laterality, preserving the same level of specificity. All other candidates are either more specific (left/right hip) or have a different stage, location, or are too general. Therefore, concept 37170748 is the single exact equivalent."
"Respiratory system disease complicating pregnancy, second trimester",45534326,"Diseases of the respiratory system complicating pregnancy, second trimester",-1,no_match,"The source term specifies a respiratory system disease complicating pregnancy specifically in the second trimester. None of the candidate concepts include BOTH (a) respiratory system disease AND (b) explicit restriction to the second trimester of pregnancy. 
• Concept 4244438 (Second trimester pregnancy) lacks any reference to a respiratory disease or complication.
• Concept 4060429 (Disease of the respiratory system complicating pregnancy, childbirth and/or the puerperium) is broader: it covers complications during pregnancy, childbirth, and puerperium, without limiting to the second trimester.
• All other candidates either omit the respiratory‐disease component or the gestational‐age specification, or concern different organ systems.
Therefore, no exact clinical equivalent is present among the target concepts."
Assault by bodily force,45537491,"Assault by other bodily force, subsequent encounter",4054796,Assault with body part,"The source term refers to an assault inflicted using the assailant's own body (hands, fists, feet, etc.). SNOMED concept 4054796 ""Assault with body part"" explicitly represents assault using a body part as the weapon, matching the clinical meaning and specificity of the source term without adding or omitting details. Other candidates are either broader (e.g., generic ""Assault""), narrower (e.g., ""Assault by pushing""), or different in nature (e.g., sexual assault), so 4054796 is the only exact equivalent."
War operations involving rubber bullets,45537526,"War operations involving rubber bullets, military personnel, initial encounter",434834,War injury due to rubber bullets,"The source term refers to injuries sustained during war operations specifically involving rubber bullets. The target concept 434834 ""War injury due to rubber bullets"" captures exactly this clinical scenario—an injury arising from war operations involving rubber bullets—without adding or omitting any details on severity, timing, or body part. No other candidate maintains the same level of specificity while matching the context of war operations and rubber bullets."
Malignant poorly differentiated neuroendocrine tumor,45537844,Malignant poorly differentiated neuroendocrine tumors,4102373,Neuroendocrine carcinoma,"The source term denotes a malignant neuroendocrine neoplasm that is poorly differentiated, which corresponds to what current WHO/SNOMED terminology calls a ""neuroendocrine carcinoma"" (NEC).  In the neuroendocrine tumor classification, the term “carcinoma” is reserved for high-grade/poorly differentiated malignant tumors.  SNOMED concept 4102373 ""Neuroendocrine carcinoma"" therefore inherently carries the attributes of malignancy and poor differentiation, making it an exact clinical equivalent.  All other candidates are either (1) too general (malignant neuroendocrine neoplasm), (2) site-specific (e.g., cervical, thymic), or (3) describe well-differentiated tumors, and thus do not meet the ‘exact match’ requirement."
Drug-induced gout of vertebrae,45538653,"Drug-induced gout, vertebrae",46270460,Gout of vertebra caused by drug,"Concept 46270460 ""Gout of vertebra caused by drug"" explicitly represents gout of the vertebra that is drug-induced, matching the source term in etiology (drug-induced) and anatomical location (vertebrae). All clinical details are preserved without adding extra specificity (e.g., chronicity, tophus) or omitting required specifics. Other candidates are either more specific (chronic, tophaceous, multiple sites, other joints) or more general (any site), so 46270460 is the only exact equivalent."
Osteonecrosis due to previous trauma,45538982,"Osteonecrosis due to previous trauma, other site",37164275,Osteonecrosis due to trauma,"The source term specifies osteonecrosis with traumatic etiology and no additional details such as anatomical site or laterality. Concept 37164275 ""Osteonecrosis due to trauma"" captures exactly the same clinical meaning—osteonecrosis whose cause is a prior traumatic injury—without adding or omitting any specificity. Other candidate concepts are either more specific (specify a bone/site) or unrelated (disorders of regions, other causes). Thus 37164275 is an exact clinical equivalent."
Induced termination of pregnancy with complications,45539079,(Induced) termination of pregnancy with unspecified complications,37162983,Disorder following induced termination of pregnancy,"The source term describes any complication or disorder occurring after an induced termination of pregnancy. SNOMED concept 37162983 ""Disorder following induced termination of pregnancy"" explicitly represents that clinical situation without specifying the type of complication, matching the scope and specificity of the source term exactly. All other candidates are either too general (no mention of complication) or too specific (describe particular complications or procedural details)."
"Continuing pregnancy after elective fetal reduction, second trimester",45539133,"Continuing pregnancy after elective fetal reduction of one fetus or more, second trimester, fetus 1",-1,no_match,"The source term requires (1) an ongoing pregnancy after an elective fetal reduction and (2) specification that the pregnancy is in the second trimester. No candidate concept simultaneously captures BOTH the circumstance of continuing pregnancy after elective fetal reduction and the gestational timing (second trimester). Candidates that mention second-trimester pregnancy lack the fetal-reduction component, while those that mention continuing pregnancy after abortion/fetal reduction do not specify second-trimester timing (and some are limited to spontaneous rather than elective events). Therefore, none of the provided target concepts is an exact clinical equivalent."
Mature T/NK-cell lymphoma of lymph nodes of inguinal region and lower limb,45542656,"Mature T/NK-cell lymphomas, unspecified, lymph nodes of inguinal region and lower limb",-1,no_match,"No candidate simultaneously specifies both (1) the combined histologic category of mature T- or NK-cell lymphoma and (2) the anatomical location of the lymph nodes of the inguinal region/lower limb. Candidates either lack the specific site (e.g., concept 4225982) or exclude NK-cell lineage (e.g., concept 36531225), or represent different/overly specific lymphoma subtypes. Therefore, no exact clinical and semantic match exists among the provided concepts."
Vaginismus,45543904,Vaginismus,193261,Vaginospasm,"The source term refers to involuntary spasms of the vaginal musculature that impede penetration (vaginismus). SNOMED concept 193261 ""Vaginospasm"" has synonyms such as ""Spasm of vaginal muscles at intercourse"" and represents the same clinical phenomenon; its children include both psychogenic and non-psychogenic vaginismus subtypes, confirming it is the parent/general form. Other candidates are either limited to psychogenic or non-psychogenic causes (over-specific) or describe different conditions (e.g., dyspareunia, vaginitis). Therefore, concept 193261 is the exact clinical equivalent without adding or omitting details."
"Bladder infection in pregnancy, third trimester",45543919,"Infections of bladder in pregnancy, third trimester",-1,no_match,"The source term specifies 1) bladder infection (cystitis), 2) occurring during pregnancy, and 3) specifically during the third trimester. None of the candidate concepts capture all three required elements. 'Cystitis of pregnancy' lacks the third-trimester detail, while 'Acute cystitis in pregnancy, antepartum' adds the extra qualifier 'acute' (over-specification) and still does not explicitly state third trimester. Other candidates are either broader (e.g., urinary tract infection in pregnancy) or refer to different conditions or timings. Therefore, no exact clinical equivalent is present among the candidates."
"Juvenile myelomonocytic leukemia, not having achieved remission",45547559,"Juvenile myelomonocytic leukemia, not having achieved remission",40482847,Juvenile myelomonocytic leukemia,"The source term denotes juvenile myelomonocytic leukemia that has NOT achieved remission. In SNOMED, the base disorder concept ""Juvenile myelomonocytic leukemia"" (40482847) represents the active disease state; remission is modeled separately by its child concept ""Juvenile myelomonocytic leukemia in remission."" Hence 40482847 fully captures the clinical condition without adding or omitting detail. All other candidates describe different leukemias or the remission state and therefore do not match."
"Glaucoma secondary to eye disorders, left eye",45547895,"Glaucoma secondary to other eye disorders, left eye",-1,no_match,"The source term requires: 1) glaucoma that is secondary (i.e., caused by another ocular disorder) and 2) specifies the left eye. None of the candidate concepts simultaneously meet both criteria without adding extra details. 
• 436398 ""Glaucoma associated with ocular disorder"" captures secondary nature but lacks laterality. 
• 4318691 ""Secondary glaucoma"" is secondary but lacks laterality. 
• 765264 ""Glaucoma of left eye"" has laterality but is not necessarily secondary. 
• Concepts such as 761623 ""Glaucoma of left eye due to lens disorder"" or 37311952 ""Glaucoma due to eye inflammation"" add a specific etiology not present in the source, making them over-specific. 
• 1075405 ""Secondary open-angle glaucoma of left eye"" introduces an open-angle subtype not stated in the source. 
Because no candidate exactly matches both the secondary nature and the left-eye laterality without over- or under-specifying, there is no acceptable match."
Rheumatoid heart disease with rheumatoid arthritis of hip,45548255,Rheumatoid heart disease with rheumatoid arthritis of unspecified hip,-1,no_match,The source term describes the coexistence of two distinct conditions — rheumatoid (rheumatic) heart disease and rheumatoid arthritis of the hip. None of the candidate concepts simultaneously encompass BOTH components. Each candidate is limited either to rheumatoid arthritis (general or site-specific) or to rheumatic/rheumatoid cardiac involvement alone. Therefore no single concept is an exact clinical equivalent.
"Drug-induced gout, ankle and foot",45548294,"Drug-induced gout, unspecified ankle and foot",46270453,Gout of ankle and/or foot caused by drug,"Concept 46270453 'Gout of ankle and/or foot caused by drug' explicitly represents gout that is (1) drug-induced and (2) localized to the ankle and/or foot. It matches the source term in etiology and anatomical site without adding details (e.g., acute/chronic, tophaceous) or omitting any. All other candidates are either more specific (chronic, tophaceous, specific joint) or more general (drug-induced gout any site), so 46270453 is the single exact clinical equivalent."
Labor and delivery complicated by fetal stress,45548832,Labor and delivery complicated by other evidence of fetal stress,-1,no_match,"None of the provided target concepts exactly represents a complication of both labor and delivery due specifically to fetal stress. Candidates are either: 
1) Too broad (e.g., ""Complication occurring during labor and delivery""),
2) Too narrow or add extra detail not in the source (e.g., ""Labor and delivery complicated by biochemical evidence of fetal stress"" or ""…by fetal heart-rate anomaly""), or
3) Omit the explicit link to labor AND delivery as a maternal complication (e.g., ""Fetal distress – in labor"" or ""Nonreassuring fetal status"").
Because an exact clinical equivalent is absent, no suitable match can be selected."
embolism in childbirth,45548837,Other embolism in childbirth,-1,no_match,"The source term denotes an embolic event occurring during childbirth without specifying the embolus type. No candidate concept represents an unspecified embolism limited to childbirth. Concepts such as “Embolism” (4185607) lack the childbirth context and are therefore too general, while concepts like “Air embolism in childbirth” (45757126) or “Pulmonary embolism in childbirth” (45757145) add embolus-type detail absent from the source term, making them over-specific. Consequently, none of the candidate concepts is an exact clinical equivalent."
Cutaneous chromomycosis,45552225,Cutaneous chromomycosis,4080755,Cutaneous chromoblastomycosis,"In clinical mycology, the term “chromomycosis” is used synonymously with “chromoblastomycosis,” a chronic cutaneous infection caused by pigmented (dematiaceous) fungi. The candidate concept 4080755 (Cutaneous chromoblastomycosis) refers to the same disease process, limited to the skin/subcutaneous tissue, with no additional qualifiers or loss of specificity. Therefore it is an exact clinical equivalent to the source term."
psychoactive substance abuse with intoxication,45552460,"Other psychoactive substance abuse with intoxication, unspecified",-1,no_match,"The source term simultaneously specifies two clinical elements: (1) abuse (harmful/non-dependent use) of a psychoactive substance and (2) the presence of intoxication. 

• 4239381 ""Harmful pattern of use of psychoactive substance"" covers abuse but lacks the intoxication component. 
• 607217 ""Psychoactive substance-induced intoxication"" covers intoxication but says nothing about ongoing abuse/harmful use. 

All other candidates are either limited to abuse or to intoxication, or pertain to specific substance classes, or are more general. None capture both required facets without adding or omitting clinical detail, so there is no exact equivalent among the provided concepts."
"reactive arthropathies, wrist",45553035,"Other reactive arthropathies, unspecified wrist",1244729,Reactive arthritis of joint of wrist region,"The source term describes a reactive arthropathy (reactive arthritis) affecting the wrist, with no specification of laterality or particular wrist sub-joint. Concept 1244729 ""Reactive arthritis of joint of wrist region"" exactly captures a reactive arthritis localized to the wrist region without adding or omitting clinical details. All other candidates are either more specific (e.g., limited to left, right, bilateral wrists, or to the radiocarpal joint) or describe broader or different conditions (e.g., post-infective arthritis of hand, disorder of forearm). Therefore, concept 1244729 is the single precise clinical equivalent."
"Poisoning by amphetamines, intentional self-harm",45555996,"Poisoning by amphetamines, intentional self-harm, initial encounter",606763,Intentional amphetamine and/or amphetamine derivative poisoning,"The source term specifies an intentional self-harm (self-poisoning) with amphetamines. Concept 606763 ""Intentional amphetamine and/or amphetamine derivative poisoning"" captures the same agent class (amphetamine and its derivatives) and the intentional nature of the poisoning, which implies self-inflicted harm. It is neither broader (excludes other substances) nor more specific than the source, making it an exact clinical match. Other candidates are either too broad (e.g., any intentional drug poisoning) or describe different intents or substances, and therefore do not meet equivalence criteria."
varicella complications,45556926,Other varicella complications,-1,no_match,"None of the candidate concepts accurately represent the generic notion of “complications of varicella.” The available targets are either (1) the uncomplicated infection itself (e.g., Varicella), (2) complications limited to a specific organ system (e.g., Chickenpox pneumonia, Post-varicella encephalitis, Neurological varicella), or (3) broader constructs that include zoster or non-complicated disease (e.g., Varicella-zoster virus infection). Therefore an exact clinical equivalent for the unspecified category “varicella complications” is not present in the list."
Reaction to severe stress and adjustment disorders,45557206,"Reaction to severe stress, and adjustment disorders",4152371,Stress and adjustment reaction,"The SNOMED concept ""Stress and adjustment reaction"" (4152371) corresponds to the ICD-10 category ""Reaction to severe stress and adjustment disorders"" (F43). It explicitly groups both severe stress reactions and adjustment disorders, matching the scope and specificity of the source term without being broader (e.g., all mental disorders) or narrower (e.g., only adjustment disorder or only acute stress reaction). Therefore, it is an exact clinical equivalent."
"Pauciarticular juvenile rheumatoid arthritis, elbow",45557771,"Pauciarticular juvenile rheumatoid arthritis, unspecified elbow",-1,no_match,"The source term specifies (1) juvenile rheumatoid/idiopathic arthritis, (2) pauci-/oligoarticular subtype, and (3) localization to the elbow. None of the candidate concepts simultaneously meet all three requirements. Concepts that specify only ""Juvenile idiopathic arthritis, oligoarthritis"" omit the elbow location, while those that specify ""Juvenile idiopathic arthritis of elbow"" omit the pauci/oligoarticular subtype. Therefore, no exact clinical equivalent is present among the candidates."
Mucocutaneous lymph node syndrome (Kawasaki),45557863,Mucocutaneous lymph node syndrome [Kawasaki],314381,Acute febrile mucocutaneous lymph node syndrome,"Concept 314381 ""Acute febrile mucocutaneous lymph node syndrome"" is synonymous with Kawasaki disease, also known as mucocutaneous lymph node syndrome. It matches precisely in clinical meaning, covering the same disease entity without adding or omitting relevant specificity. Other candidates represent complications, different conditions, or are unrelated, hence 314381 is the single exact match."
"infective bursitis, left wrist",45557973,"Other infective bursitis, left wrist",-1,no_match,"The source term requires all three elements: (1) bursitis, (2) infective (septic) etiology, and (3) left wrist location. 
• Concept 608441 ""Bursitis of left wrist"" has correct laterality and site but lacks the infective qualifier, so it is too general.
• Concept 4047351 ""Infected bursa"" includes infection but is nonspecific for wrist or laterality, so it is too general.
• Concept 4001621 ""Abscess of bursa of wrist"" introduces an abscess, adding clinical detail not present in the source, and lacks laterality, making it over- or under-specifying.
• All other candidates either lack the infective qualifier, the wrist site, or both (or describe arthritis rather than bursitis). Consequently, none is an exact clinical equivalent; therefore no suitable match exists."
"Major osseous defect, left lower leg",45558103,"Major osseous defect, left lower leg",-1,no_match,"The source term specifies a large (""major"") bone defect in the left lower leg. None of the candidate concepts captures both the notion of a bone defect (loss of bone substance) and the exact laterality/location while maintaining the same level of specificity. The closest option, ""Lesion of left lower leg bone"" (concept_id 42539222), is broader—it includes any abnormality of the bone (e.g., fractures, tumors, infections) and does not specifically denote a major osseous defect. All other candidates are either too general (e.g., ""Disorder of bone"") or describe different or more specific conditions (e.g., osteolysis, fractures, osteosarcoma). Therefore, no exact clinical equivalent is present among the targets."
"placental disorders, third trimester",45558312,"Other placental disorders, third trimester",-1,no_match,"The source term specifies both a placental disorder AND that it occurs in the third trimester. None of the candidate concepts include both required elements: those that describe placental disorders omit gestational timing, while the concept for third-trimester pregnancy lacks the specification of a placental disorder. Therefore, no exact clinical equivalent is present among the provided candidates."
Personal history of allergy to penicillin,45561667,Personal history of allergy to penicillin,4240903,Allergy to penicillin,"""Allergy to penicillin"" represents a patient's propensity or disposition to have an allergic reaction when exposed to penicillin. This is exactly what is conveyed by the phrase ""Personal history of allergy to penicillin""—the patient is known to be allergic. The other candidates are either too broad (e.g., ""Allergy to drug""), represent specific reaction events rather than the allergy status itself (e.g., ""Penicillin adverse reaction""), or pertain to laboratory tests or unrelated allergies. Thus concept 4240903 is the precise clinical equivalent."
Basal cell carcinoma of skin of trunk,45561802,Basal cell carcinoma of skin of other part of trunk,4297668,Basal cell carcinoma of truncal skin,"The target concept ""Basal cell carcinoma of truncal skin"" (4297668, SNOMED) retains exactly the same morphology (basal cell carcinoma) and the same anatomic location (skin of trunk) as the source term. It is neither broader (does not omit trunk location) nor more specific (does not add subtype or additional qualifiers). Therefore, it is a precise clinical equivalent according to Rules 1 and 2. All other candidates are either more specific variants (e.g., superficial, nodular) or different morphologies/locations, so they are not exact matches."
Type 1 diabetes mellitus with diabetic amyotrophy,45561948,Type 1 diabetes mellitus with diabetic amyotrophy,4143857,Lumbosacral radiculoplexus neuropathy due to type 1 diabetes mellitus,"Concept 4143857 explicitly represents lumbosacral radiculoplexus neuropathy (diabetic amyotrophy) due to type 1 diabetes mellitus, preserving both the diabetes type and the specific complication. No other candidate maintains this level of specificity without adding or omitting details."
"Oligohydramnios, second trimester",45563138,"Oligohydramnios, second trimester, other fetus",-1,no_match,"No candidate concept conveys both oligohydramnios AND its occurrence specifically in the second trimester. The closest option, concept 434111 ""Oligohydramnios,"" omits the gestational‐age detail, making it more general than the source term, which violates the requirement to maintain specificity."
Protozoal diseases complicating pregnancy,45563192,"Protozoal diseases complicating pregnancy, unspecified trimester",-1,no_match,"The closest candidate (concept_id 36715504, 'Protozoal disease complicating pregnancy childbirth and the puerperium') covers additional time periods (childbirth and puerperium) that are not specified in the source term, making it broader than 'complicating pregnancy' alone. All other candidates are either broader still (e.g., any infectious or parasitic disease) or represent specific protozoal sub-conditions. Therefore, no exact clinical equivalent is present among the provided target concepts."
Polydipsia,45563320,Polydipsia,432454,Excessive thirst,The SNOMED concept 432454 “Excessive thirst” lists Polydipsia as a parent/synonym and represents the same clinical finding of pathologically increased thirst and fluid intake. It matches the source term exactly in meaning without adding or omitting clinical detail.
Gonococcal spondylopathy,45566515,Gonococcal spondylopathy,72562,Gonococcal spondylitis,"The source term describes a vertebral (spinal) disorder caused by Neisseria gonorrhoeae. In clinical practice, gonococcal involvement of the spine manifests as infectious inflammation of the vertebrae, i.e., spondylitis. The target concept “Gonococcal spondylitis” carries the same anatomic location and etiologic agent with no meaningful loss or gain of clinical detail; the added word “-itis” reflects the expected inflammatory nature of the infection rather than an additional specification. No other candidate matches both the gonococcal etiology and spinal location. Therefore this concept is the closest exact clinical equivalent."
malignant neoplasm of skin of breast,45566588,Other specified malignant neoplasm of skin of breast,-1,no_match,"None of the candidate concepts is an exact clinical equivalent. All malignant skin‐of‐breast concepts offered either add extra specificity (e.g., “primary” or a specific histology such as melanoma, or laterality), describe metastasis rather than a native tumor, or are broader (e.g., malignant neoplasm of skin, malignant neoplasm of trunk). Therefore no candidate preserves the source term’s exact level of detail without adding or removing information."
Drug or chemical induced diabetes mellitus with circulatory complications,45566726,Drug or chemical induced diabetes mellitus with other circulatory complications,-1,no_match,"The source term specifies diabetes mellitus caused by drugs or chemicals AND explicitly states the presence of circulatory complications. None of the candidate concepts capture both required elements simultaneously. Some concepts describe drug-induced diabetes without specifying circulatory complications (e.g., concept 4202383), while others describe circulatory complications of diabetes without indicating drug-induced etiology (e.g., concept 321822, 4131908). Therefore, no exact clinical equivalent is available among the provided target concepts."
Acute on chronic systolic congestive heart failure,45567180,Acute on chronic systolic (congestive) heart failure,40480602,Acute on chronic systolic heart failure,"The target concept ""Acute on chronic systolic heart failure"" captures all key attributes of the source term: 1) temporal course (acute on chronic), 2) systolic dysfunction, and 3) heart failure which in systolic form is inherently congestive. It is neither broader nor more specific than the source term, making it an equivalent clinical concept."
Atherosclerosis of autologous vein bypass graft of right leg with ulceration of thigh,45567215,Atherosclerosis of autologous vein bypass graft(s) of the right leg with ulceration of thigh,-1,no_match,"None of the candidate concepts preserves all critical clinical details contained in the source term. Each candidate is missing at least one of the following mandatory elements: (1) atherosclerosis of an autologous vein bypass graft, (2) restriction to the right lower limb, and (3) co-occurrent ulceration of the thigh. Because no concept captures the full combination of graft type, laterality, and associated ulcer, no exact clinical equivalent exists among the provided targets."
Pleural plaque with asbestos,45567277,Pleural plaque with presence of asbestos,4049971,Asbestos-induced pleural plaque,"The source term describes pleural plaques specifically attributable to asbestos exposure. Concept 4049971 ""Asbestos-induced pleural plaque"" matches exactly: it specifies pleural plaque and explicitly states asbestos as the cause. All clinical details (location: pleura, lesion type: plaque, etiology: asbestos) are preserved. No other candidate meets all these criteria without being broader or narrower."
Rheumatoid vasculitis with rheumatoid arthritis of left knee,45567408,Rheumatoid vasculitis with rheumatoid arthritis of left knee,-1,no_match,"The source term combines two specific findings: 1) rheumatoid vasculitis and 2) rheumatoid arthritis localized to the left knee. No candidate concept contains BOTH of these required components. Concepts such as 4271003 (""Rheumatoid vasculitis"") or 607145 (""Systemic rheumatoid vasculitis"") lack the explicit specification of left-knee rheumatoid arthritis, while joint-specific arthritis concepts (e.g., 37108590 ""Rheumatoid arthritis of left knee"") do not include vasculitis. Selecting any candidate would omit a clinically relevant element, violating the rule against loss of specificity. Therefore, no exact match exists among the provided targets."
Pathological fracture in neoplastic disease of right radius with delayed healing,45567717,"Pathological fracture in neoplastic disease, right radius, subsequent encounter for fracture with delayed healing",-1,no_match,"The source term specifies: 1) pathological fracture, 2) due to neoplastic disease, 3) located in the right radius, and 4) complicated by delayed healing. No candidate concept simultaneously represents all four required elements. The closest candidates (e.g., 760661 ""Pathological fracture of right radius due to neoplasm"") lack the ""delayed healing"" qualifier, while 40305987 ""Delayed union of fracture"" lacks the anatomical site, laterality, and neoplastic cause. Therefore, no exact equivalent concept is available among the provided targets."
Abscess of breast associated with pregnancy,45568000,"Abscess of breast associated with pregnancy, unspecified trimester",-1,no_match,"None of the candidate concepts are limited to abscess of the breast specifically occurring during pregnancy. The closest option, ""Obstetric abscess of breast,"" also includes childbirth and puerperium periods, making it broader than the source term. All other candidates either specify different time periods (lactation, postpartum) or different anatomical locations or general findings. Therefore no exact clinical equivalent is available among the provided targets."
Right lower quadrant abdominal rigidity,45568118,Right lower quadrant abdominal rigidity,197107,Abdominal rigidity of right lower quadrant,"The target concept ""Abdominal rigidity of right lower quadrant"" corresponds exactly to the source term in both clinical finding (abdominal rigidity) and anatomical location (right lower quadrant). It is neither broader nor more specific than the source. All other candidates describe different quadrants or different findings (pain, tenderness, mass), so they are not equivalent."
Acquired absence of bilateral breasts and nipples,45571402,Acquired absence of bilateral breasts and nipples,36716836,Bilateral acquired absence of breast,"The source term specifies an acquired (not congenital) complete absence of both breasts, including the nipples. In anatomical hierarchy the nipple is a component of the breast, so removal of the entire breast necessarily entails loss of the nipple. The target concept ""Bilateral acquired absence of breast"" preserves all key clinical details: acquired, bilateral, and total absence of the breast tissue (implicitly encompassing the nipples). No other candidate includes these attributes without adding or omitting information. Therefore this is an exact clinical match."
Abscess of bursa of right ankle and foot,45572532,"Abscess of bursa, right ankle and foot",-1,no_match,The source term specifies an abscess of a bursa involving BOTH the right ankle and the right foot. None of the candidate concepts simultaneously cover both anatomical sites; each concept is limited to either the right ankle or the right foot (or is broader/nonspecific). Therefore no exact clinical equivalent is present among the targets.
"Maternal care for viable fetus in abdominal pregnancy, third trimester",45572831,"Maternal care for viable fetus in abdominal pregnancy, third trimester, fetus 5",-1,no_match,"None of the candidate concepts simultaneously capture all required details: (1) maternal care, (2) viable fetus in an abdominal pregnancy, and (3) third-trimester timing. The closest candidate, 'Viable fetus in abdominal pregnancy' (Concept 4129027), lacks the maternal-care context and the trimester specification, making it broader than the source term. All other candidates are either too general, too specific, or describe different clinical circumstances. Therefore, no exact equivalent concept is available among the provided targets."
Myotonic chondrodystrophy,45576607,Myotonic chondrodystrophy,441280,Schwartz-Jampel syndrome,"""Myotonic chondrodystrophy"" is an alternative name for Schwartz-Jampel syndrome, whose synonyms include ""Chondrodystrophic myotonia"" and ""Myotonia chondrodystrophica."" This captures the combined presence of myotonia and chondrodystrophy described in the source term without adding or omitting clinical details. No other candidate is as specific or synonymous."
chondrocalcinosis of knee,45577143,"Other chondrocalcinosis, unspecified knee",40479260,Chondrocalcinosis of knee joint,"The target concept ""Chondrocalcinosis of knee joint"" (40479260) exactly represents chondrocalcinosis located in the knee joint, with no added laterality or etiology details and no loss of anatomical specificity. Other candidates are either more specific (e.g., right, left, bilateral knee) or more general (e.g., chondrocalcinosis without site), or introduce additional causative information, thus violating specificity or generality rules."
Pathological fracture of right femur with delayed healing,45577400,"Pathological fracture, right femur, subsequent encounter for fracture with delayed healing",-1,no_match,"No candidate includes all required details: pathological fracture + right femur + delayed healing. Available targets either lack the side specification, the pathological nature, or the delayed-healing qualifier, so none is an exact clinical equivalent."
Malfunction of incontinent external stoma of urinary tract,45577547,Malfunction of incontinent external stoma of urinary tract,4309167,Malfunction of external stoma of urinary tract,"The source term describes a malfunction (functional problem) of an incontinent external urinary stoma. SNOMED concept 4309167 ""Malfunction of external stoma of urinary tract"" represents the same clinical situation: a malfunction of an external (cutaneous, therefore incontinent) urinary tract stoma. It preserves the disorder type (malfunction), the anatomical context (urinary tract stoma), and the external/incontinent nature of the stoma. Other candidates are either broader (e.g., any complication of a stoma) or pertain to different or more specific stoma types (e.g., cystostomy, enterostomy) or unrelated conditions (e.g., hemorrhage). Therefore, concept_id 4309167 is the exact clinical equivalent."
"Diseases of blood and blood-forming organs and disorders involving immune mechanism complicating pregnancy, second trimester",45577672,"Other diseases of the blood and blood-forming organs and certain disorders involving the immune mechanism complicating pregnancy, second trimester",-1,no_match,"The source term requires (1) a maternal disease of blood\/immune system, (2) specifically complicating pregnancy, and (3) explicit restriction to the second trimester. None of the candidate concepts simultaneously convey all three required elements. Concepts that specify the second trimester do not mention blood or immune disorders, while those that describe blood\/immune complications of pregnancy lack any trimester specification. Therefore no exact clinical equivalent exists among the provided targets."
Asymptomatic premature menopause,45581363,Asymptomatic premature menopause,-1,no_match,"No candidate concept retains both required attributes—premature menopause and the explicit qualifier ""asymptomatic."" The closest match, ""Premature menopause"" (Concept 198715), does not specify the absence of symptoms and is therefore broader than the source term. Other candidates are either unrelated (e.g., general endocrine disorders) or describe different clinical contexts (e.g., postprocedural ovarian failure). Consequently, there is no exact standard concept equivalent to ""Asymptomatic premature menopause"" in the provided list."
Pathological fracture of left shoulder with nonunion,45582279,"Pathological fracture, left shoulder, subsequent encounter for fracture with nonunion",-1,no_match,"No candidate concept simultaneously represents (1) pathological fracture, (2) left shoulder location, and (3) nonunion. Each candidate is missing at least one of these required clinical details; therefore, no exact standard concept match exists."
Vertebral subluxation complex of abdomen and other regions,45582380,Subluxation complex (vertebral) of abdomen and other regions,-1,no_match,"The source term specifies vertebral subluxation complex (i.e., segmental/somatic dysfunction) specifically involving the abdomen and additional (unspecified) regions. None of the candidate concepts capture both the ‘vertebral subluxation complex’ nature AND the exact anatomic scope ('abdomen and other regions').

• 4068848 “Subluxation complex (vertebral)” and 4068847 “Segmental and somatic dysfunction” are more general; they omit the anatomic qualifier, so they lose required detail.
• 36713915 “Somatic dysfunction of abdominal region” is too specific (abdomen only) and omits the “other regions.”
• Regional spine-specific subluxation concepts (e.g., cervical, thoracic, lumbar, sacrum) do not mention the abdomen and are therefore anatomically mismatched.
• Remaining candidates describe different locations (upper/lower limb), different conditions (stenosis, recurrent subluxation), or procedures, and are not equivalent.

Because no candidate preserves all clinical details of the source term without being broader or narrower, there is no exact match."
Anterior subcapsular polar infantile and juvenile cataract,45586422,"Anterior subcapsular polar infantile and juvenile cataract, unspecified eye",-1,no_match,"No candidate preserves both required attributes: (1) anatomical type ""anterior subcapsular polar cataract"" and (2) age of onset ""infantile and juvenile."" The concept ""Anterior subcapsular polar cataract"" (372315) lacks the infantile/juvenile specification, while concepts specifying infantile/juvenile or congenital cataract (e.g., 45770919 or 45757718) do not cover the broader infantile AND juvenile range or omit the precise cataract subtype. Therefore, no exact clinical equivalent exists in the provided list."
Osteitis condensans of hand,45587159,"Osteitis condensans, unspecified hand",-1,no_match,"None of the candidate concepts represent 'osteitis condensans specifically involving the hand'. The closest terms are 75920 'Osteitis condensans' (lacks hand location, thus too general) and 4065727 'Osteitis of hand' (covers any osteitis, not specifically the condensans/sclerosing type). Other candidates specify different anatomic sites (e.g., ilium, medial clavicle) or different pathologic entities. Therefore, no exact clinical equivalent is present among the provided concepts."
Induced termination of pregnancy with complications,45587269,(Induced) termination of pregnancy with other complications,37162983,Disorder following induced termination of pregnancy,"The source term indicates that an induced termination of pregnancy has resulted in unspecified complications. SNOMED concept 37162983 ""Disorder following induced termination of pregnancy"" precisely denotes any disorder/complication occurring after an induced termination. It matches the clinical scenario without adding or omitting specifics, whereas other candidates are either too general (e.g., ""Termination of pregnancy"") or specify particular types of complications. Therefore, concept 37162983 is the exact clinical equivalent."
Developmental ovarian cyst,45587461,Developmental ovarian cyst,4108900,Embryonic cyst of ovary,"The source term describes a congenital (developmental/embryonic) cyst located in the ovary. The target concept 4108900 ""Embryonic cyst of ovary"" is a disorder-level concept that exactly captures a developmental (embryonic) ovarian cyst without adding or omitting any clinical detail such as laterality or additional features. Other candidates are either more specific (right/left ovary), more general (cyst of ovary), or represent different contexts (morphologic abnormality). Therefore 4108900 is the precise clinical equivalent."
Malingerer,45590756,Malingerer [conscious simulation],4051630,Malingering,"The source term describes a person who intentionally feigns illness for secondary gain. The SNOMED concept 4051630 ""Malingering"" exactly represents this clinical behavior; it is neither broader nor narrower than the source term. Other candidates are either more specific (e.g., ""Feigning of symptoms"") or unrelated, so 4051630 is the precise match."
Antineoplastic chemotherapy-induced pancytopenia,45591012,Antineoplastic chemotherapy induced pancytopenia,36713112,Pancytopenia due to antineoplastic chemotherapy,"Concept 36713112 ""Pancytopenia due to antineoplastic chemotherapy"" is clinically identical to the source term. It specifies pancytopenia (all cell line reductions) caused by antineoplastic chemotherapy, matching the etiology and condition described. No additional details are added or lost, and none of the other candidates are as precise (they are either broader, e.g., pancytopenia caused by medication, or focused on other cytopenias). Hence this is an exact equivalence."
Alcohol dependence with intoxication,45591082,Alcohol dependence with intoxication,-1,no_match,"None of the candidate concepts simultaneously include BOTH components of the source term (alcohol dependence + current intoxication). Each candidate omits either the dependence aspect (e.g., Alcohol intoxication) or the intoxication aspect (e.g., Alcohol dependence) or is broader/unspecified (e.g., Alcohol-induced disorder co-occurrent and due to dependence). Therefore no exact clinical equivalent is present."
Locked-in state,45591199,Locked-in state,434644,Locked in syndrome,"The SNOMED concept 434644 ""Locked in syndrome"" is an exact clinical synonym for ""Locked-in state""; both describe the same neurological condition characterized by quadriplegia and anarthria with preserved consciousness. No other candidate maintains the required specificity and equivalence."
Infective myositis of left finger(s),45591868,"Infective myositis, left finger(s)",-1,no_match,"None of the candidate concepts specifies infective myositis localized to the finger(s). The closest options (e.g., 'Infective myositis of left hand') are anatomically broader than the source term, encompassing muscles outside the fingers. Other candidates describe different sites or different conditions (e.g., osteomyelitis). Hence, no exact clinical equivalent is present."
"Chorioamnionitis, second trimester, fetus 3",45592254,"Chorioamnionitis, second trimester, fetus 3",-1,no_match,"The source term specifies chorioamnionitis occurring during the second trimester and affecting fetus 3. None of the candidate concepts include both the infection (chorioamnionitis) and the gestational timing (second trimester) and fetus numbering. All available chorioamnionitis concepts lack trimester/fetus detail, while second-trimester pregnancy concepts lack the infection component. Therefore no candidate is an exact clinical equivalent."
Neonatal aspiration of clear amniotic fluid and mucus with respiratory symptoms,45592329,Neonatal aspiration of (clear) amniotic fluid and mucus with respiratory symptoms,-1,no_match,"None of the candidate concepts state both the specific aspirated materials (clear amniotic fluid AND mucus) together with the qualifier 'with respiratory symptoms'. The closest option (Aspiration of liquor or mucus in newborn, concept_id 4153454) does not require respiratory symptoms and therefore is broader than the source term. Consequently, no exact equivalent standard concept is available among the candidates."
"Trisomy 18, mosaicism",45592398,"Trisomy 18, mosaicism (mitotic nondisjunction)",4006587,Trisomy 18 - mitotic nondisjunction mosaicism,"Concept 4006587 represents Trisomy 18 in a mosaic form, which is exactly the clinical entity described by the source term. The added phrase ""mitotic nondisjunction"" reflects the typical mechanism producing mosaic trisomy and does not introduce additional clinical qualifiers (severity, timing, location, etc.) beyond the mosaic nature already implied, so it is not over-specification. No other candidate is as specific and appropriate."
Gonococcal infection of musculoskeletal tissue,45595591,Gonococcal infection of other musculoskeletal tissue,37116425,Infection of musculoskeletal system caused by Neisseria gonorrhoeae,"Concept 37116425 (Infection of musculoskeletal system caused by Neisseria gonorrhoeae) explicitly represents a gonococcal infection involving the musculoskeletal system/tissue. It contains all clinical details of the source (pathogen: Neisseria gonorrhoeae; location: musculoskeletal), without adding extra specificity (e.g., joint, tendon) or being more general (e.g., any gonorrhea). No other candidate meets the criteria as precisely."
Type 1 diabetes mellitus with diabetic polyneuropathy,45595795,Type 1 diabetes mellitus with diabetic polyneuropathy,37017431,Polyneuropathy due to type 1 diabetes mellitus,"The target concept 'Polyneuropathy due to type 1 diabetes mellitus' explicitly states both the presence of type 1 diabetes mellitus and its complication of polyneuropathy, matching all clinical details of the source term without adding or omitting information. Other candidates are either broader (e.g., general neuropathy or type 1 diabetes without specifying polyneuropathy) or pertain to type 2 diabetes, so they do not meet the exact-equivalence requirement."
"Sedative, hypnotic or anxiolytic dependence with sedative, hypnotic or anxiolytic-induced mood disorder",45595866,"Sedative, hypnotic or anxiolytic dependence with sedative, hypnotic or anxiolytic-induced mood disorder",-1,no_match,"None of the candidate concepts include BOTH (1) dependence on sedatives, hypnotics or anxiolytics and (2) a sedative, hypnotic or anxiolytic-induced mood disorder. Each candidate captures only one component (either the induced mood disorder alone, the dependence alone, or other related but different conditions). Therefore no exact clinical equivalent is present among the target concepts."
"Osteophyte, left knee",45596553,"Osteophyte, left knee",36684563,Osteophyte of left knee,"The target concept ""Osteophyte of left knee"" (id 36684563) exactly matches the source term in both pathology (osteophyte/bone spur) and location/laterality (left knee). It is neither broader nor more specific than the source. All other candidates are either more general (e.g., ""Osteophyte of bone""), cover a different site or laterality (e.g., right knee), or represent different anatomic regions (hip, ankle, etc.)."
"Algoneurodystrophy, thigh",45596803,"Algoneurodystrophy, unspecified thigh",-1,no_match,"The source term describes complex regional pain syndrome (algoneurodystrophy) specifically involving the thigh. None of the candidate concepts capture both (a) the specific disorder—complex regional pain syndrome—and (b) the precise anatomic location—thigh. The closest option, ""Complex regional pain syndrome of lower limb"" (concept_id 42539474), is broader because it could refer to any part of the lower limb (foot, ankle, leg, thigh, hip) and therefore loses the required specificity. All other candidates are either too general (no location or different limb segment) or describe unrelated conditions. Consequently, no exact clinical equivalent is present among the targets."
"Maternal care for isoimmunization, first trimester",45596980,"Maternal care for other isoimmunization, first trimester, other fetus",-1,no_match,"None of the candidate concepts combine both required elements: (1) pregnancy complicated by isoimmunization and (2) specification that care is during the first trimester. Concepts like ""Pregnancy with isoimmunization"" lack the trimester detail (more general), while ""First trimester pregnancy"" lacks the isoimmunization complication (more general regarding condition). Other isoimmunization concepts refer to specific blood group incompatibilities or fetal/newborn conditions, not maternal care in the first trimester. Therefore, no exact equivalent concept is present in the candidate list."
Neonatal jaundice due to excessive haemolysis,45597087,"Neonatal jaundice due to excessive haemolysis, unspecified",-1,no_match,"The only candidate mentioning excessive hemolysis (concept_id 1076113) restricts the episode to the early neonatal period (first 7 days), making it more specific in timing than the source term, which applies to any time in the neonatal period (first 28 days). All other candidates are either too broad (e.g., ""Neonatal jaundice"") or specify a more detailed etiology (e.g., ABO incompatibility). Hence no exact equivalent concept is present in the list."
Acquired absence of left ankle,45600371,Acquired absence of left ankle,-1,no_match,"None of the candidate concepts represents the condition of an acquired (post-natal) absence specifically of the LEFT ankle. Available candidates are either: 1) more general (e.g., Absence of lower limb; Acquired absence of organ; Acquired absence of entire limb), 2) at a different anatomic level (e.g., Absent foot, Absence of toe), 3) congenital rather than acquired (e.g., Congenital absence of left foot), 4) describe deformity rather than absence (e.g., Acquired deformity of left ankle), or 5) represent a procedure, not a condition (e.g., Disarticulation of left ankle). Therefore, no exact clinical equivalent is present."
Arthritis due to Lyme disease,45600433,Arthritis due to Lyme disease,4141757,Lyme arthritis,"The target concept ""Lyme arthritis"" (id 4141757) explicitly represents arthritis occurring in the context of Lyme disease. This preserves the etiology (Lyme disease) and condition (arthritis) exactly as stated in the source term, without adding or omitting clinical detail. All other candidates are either broader (e.g., ""Lyme disease"", ""Arthritis caused by Spirochaetales"", ""Infective arthritis"") or more specific (e.g., ""Lyme arthritis of knee joint"") or unrelated (e.g., arthritis of other regions, different pathogens). Thus, concept 4141757 is the exact equivalent."
Malignant carcinoid tumor,45600530,Malignant carcinoid tumor of unspecified site,1244536,Well-differentiated neuroendocrine tumor,"The source term describes a malignant carcinoid tumour without specification of site. SNOMED concept 1244536 ""Well-differentiated neuroendocrine tumor"" has synonyms ""Carcinoid tumor / Carcinoid tumour"" and is hierarchically placed under ""Neuroendocrine neoplasm, malignant,"" indicating malignancy. It is not site-specific and therefore matches the general nature of the source term, preserving both clinical meaning and granularity. Other candidates are either too general (e.g., malignant neuroendocrine neoplasm), too specific to a body site, or are morphologic observations rather than clinical disorders. Thus 1244536 is the single exact clinical equivalent."
"Benign neoplasm of skin of eyelid, including canthus",45600585,"Benign neoplasm: Skin of eyelid, including canthus",4242957,Benign neoplasm of skin of eyelid,"Concept 4242957 ""Benign neoplasm of skin of eyelid"" matches the source term in clinical nature (benign neoplasm), tissue involved (skin), and anatomical location (eyelid). The phrase ""including canthus"" in the source does not alter the primary location, as the canthus is part of the eyelid skin region; therefore the concept is equivalent. Other candidates are either broader (e.g., any eyelid tumor, unspecified neoplasm), more specific (e.g., side-specific or subtype such as melanocytic nevus), or malignant, so they do not exactly match the source term."
Type 1 diabetes mellitus with diabetic kidney complication,45600637,Type 1 diabetes mellitus with other diabetic kidney complication,200687,Renal disorder due to type 1 diabetes mellitus,"The source term describes a kidney (renal) complication specifically attributable to type 1 diabetes mellitus. Concept 200687, “Renal disorder due to type 1 diabetes mellitus,” explicitly represents any renal (kidney) disorder caused by type 1 diabetes, matching both the etiologic (type 1 DM) and anatomic/complication (kidney disorder) details without adding or omitting clinical specificity. All other candidates are either too broad (e.g., general diabetes or general diabetic complications), refer to type 2 diabetes, or are overly specific to particular renal manifestations (e.g., chronic kidney disease stage-specific terms), and therefore do not exactly align with the source term."
hypochondriacal disorders,45600749,Other hypochondriacal disorders,434920,Hypochondriasis,"The source term ""hypochondriacal disorders"" refers to the clinical entity characterized by persistent health-related anxiety and worry about having a serious illness—classically termed hypochondriasis. Target concept 434920 ""Hypochondriasis"" (with synonyms including ""Hypochondriacal neurosis"" and ""Hypochondria"") is the standard SNOMED disorder that exactly captures this condition. Other candidates are either subtypes (e.g., hypochondriacal pain, hypochondriacal delusion) or broader/distinct constructs (e.g., bodily distress disorder, psychosomatic factors) and therefore do not match the source term as precisely. Thus, concept_id 434920 is the correct and specific equivalent."
"Chronic embolism and thrombosis of popliteal vein, bilateral",45601090,"Chronic embolism and thrombosis of popliteal vein, bilateral",762023,Chronic deep venous thrombosis of bilateral popliteal veins,"Concept 762023 explicitly represents a chronic deep venous thrombosis involving both (bilateral) popliteal veins, matching the source term’s key clinical details: chronicity, location (popliteal vein), laterality (bilateral) and the thrombotic nature of the disorder. Although the source phrase includes the word “embolism,” the ICD-10 category it comes from is clinically synonymous with chronic DVT; no candidate contains all the required qualifiers while adding embolism as a separate feature. 762023 is therefore the single exact standard equivalent; other candidates are either too general (e.g., disorder of vein of lower extremity) or specify different acuity, site, or laterality."
"Drug-induced gout, multiple sites",45601313,"Drug-induced gout, multiple sites",46270458,Gout of multiple sites caused by drug,"Concept 46270458 ""Gout of multiple sites caused by drug"" matches all essential elements of the source term: (1) etiology—drug-induced, (2) condition—gout, and (3) anatomical distribution—multiple sites. No additional qualifiers (acute/chronic, tophaceous, specific joints) are added, so specificity and generality are preserved. All other candidates are either more general (e.g., ""Gout secondary to drug"" without site detail) or more specific (e.g., chronic, tophaceous, or single-joint variants), and thus do not meet the exact-match criteria."
"Hydroxyapatite deposition disease, hip",45601319,"Hydroxyapatite deposition disease, unspecified hip",37160490,Hydroxyapatite deposition disease of hip joint,"The target concept explicitly denotes hydroxyapatite deposition disease localized to the hip joint, matching the source term’s condition and anatomical site without adding or omitting clinical details."
"Flail joint, wrist",45601420,"Flail joint, unspecified wrist",1246051,Flail joint of wrist,"The source term describes a flail joint specifically of the wrist without specifying laterality. The target concept 1246051 ""Flail joint of wrist"" matches exactly in condition (flail joint) and anatomical location (wrist) without adding or omitting detail. More general concepts (e.g., ""Flail joint"") lose required specificity, while concepts with laterality (left/right/bilateral wrist) are over-specific. Therefore, concept 1246051 is the exact clinical equivalent."
"Solitary bone cyst, left humerus",45601626,"Solitary bone cyst, left humerus",36684579,Solitary bone cyst of left humerus,"The target concept “Solitary bone cyst of left humerus” (concept_id 36684579) exactly matches the source term in lesion type (solitary bone cyst) and anatomical location (left humerus). It is neither broader nor more specific than the source term, satisfying all matching rules. No other candidate provides a closer or equally precise match."
Idiopathic aseptic necrosis of left carpus,45601649,Idiopathic aseptic necrosis of left carpus,-1,no_match,"The source term requires three specific attributes: (1) osteonecrosis/aseptic necrosis, (2) localization to the carpus (wrist carpal bones), (3) idiopathic etiology, and (4) left-sided laterality. 
• Concept 1076940 (""Osteonecrosis of carpal bone of left wrist"") matches location and laterality but not the idiopathic etiology, making it broader than the source term.
• Concept 4312504 (""Osteonecrosis of carpus"") lacks both laterality and idiopathic specification.
• Concept 37164468 (""Idiopathic avascular necrosis of bone"") supplies the idiopathic etiology but lacks both the anatomical site (carpus) and laterality.
No candidate preserves all required clinical details simultaneously without adding or omitting information; therefore, no exact standard concept match is available."
noninflammatory disorders of vulva and perineum,45601756,Other noninflammatory disorders of vulva and perineum,195603,Vulval and/or perineal noninflammatory disorders,"Concept 195603 ""Vulval and/or perineal noninflammatory disorders"" is clinically and semantically identical to the source term, describing non-inflammatory disorders affecting both the vulva and perineum without adding or omitting detail. Other candidates are either broader (e.g., disorder of female genital system), narrower (e.g., noninflammatory disorder of vulva only), or describe inflammatory conditions, so they do not match."
"Twin pregnancy, third trimester",45601799,"Twin pregnancy, unable to determine number of placenta and number of amniotic sacs, third trimester",-1,no_match,"The source term specifies BOTH a twin gestation AND that it is in the third trimester. None of the candidate concepts capture these two elements simultaneously. Each candidate is either more general (e.g., 'Third trimester pregnancy' lacks the twin specification; 'Twin pregnancy' lacks the trimester detail) or adds unmentioned specifics (e.g., chorionicity) that make it over-specific. Therefore, no exact equivalent concept is present in the candidate list."
"Disorder of amniotic fluid and membranes, second trimester",45601859,"Disorder of amniotic fluid and membranes, unspecified, second trimester, fetus 4",-1,no_match,"No candidate concept simultaneously captures both (1) a disorder involving amniotic fluid and/or membranes and (2) the restriction to the second trimester. Available targets either lack the trimester specification (e.g., Concept 438815 ""Disorder of amniotic cavity AND/OR membrane"") or describe only the gestational timing without the disorder (e.g., Concept 4244438 ""Second trimester pregnancy""). Selecting any would either broaden or narrow the clinical meaning, violating the specificity/general-scope rules. Therefore, no exact standard concept match is present among the candidates."
"Complete placenta previa without hemorrhage, third trimester",45601867,"Complete placenta previa NOS or without hemorrhage, third trimester",-1,no_match,"The source term specifies three mandatory attributes: (1) complete/total placenta previa, (2) absence of hemorrhage, and (3) occurrence in the third trimester. None of the candidate concepts include all three elements simultaneously. 
• Placenta previa without hemorrhage (194710) lacks the “complete/total” detail. 
• Placenta previa centralis / total placenta previa (4049740) represents complete previa but does not specify absence of hemorrhage or gestational timing. 
• Other candidates either denote partial/marginal types, explicitly include hemorrhage, or only address gestational age without the placenta previa qualifier. 
Because no single concept preserves every specific detail of the source term, no exact equivalent concept is available."
Acute hepatitis C with hepatic coma,45605221,Acute hepatitis C with hepatic coma,46270037,Hepatic coma due to acute hepatitis C,"Concept 46270037 explicitly states ""Hepatic coma due to acute hepatitis C,"" capturing all key elements of the source term: acuity (acute), etiologic agent (hepatitis C), and clinical manifestation (hepatic coma). It is neither broader (e.g., unspecified viral hepatitis C with coma) nor more specific (no additional qualifiers). Other candidates lack the acute qualifier, omit hepatic coma, or describe chronic disease, so they are not exact matches."
"Hypertrichosis, right lower eyelid",45605590,Hypertrichosis of right lower eyelid,1246330,Hypertrichosis of right lower eyelid,"The target concept ""Hypertrichosis of right lower eyelid"" (1246330) precisely matches the source term in condition (hypertrichosis), anatomical location (lower eyelid), and laterality (right). It is neither broader nor more specific than the source term, satisfying all matching rules."
Arthritis due to bacteria,45606032,"Arthritis due to other bacteria, unspecified joint",4167984,Bacterial arthritis,"The target concept 'Bacterial arthritis' (4167984) explicitly represents arthritis caused by bacterial infection, matching both the etiology (bacterial) and the condition (arthritis) stated in the source term. It is neither broader (doesn’t include non-bacterial causes) nor more specific (doesn’t limit to a particular joint, laterality, or bacterial species)."
Rheumatoid lung disease with rheumatoid arthritis of ankle and foot,45606040,Rheumatoid lung disease with rheumatoid arthritis of unspecified ankle and foot,-1,no_match,"The source term requires one condition that simultaneously captures (1) rheumatoid lung disease and (2) rheumatoid arthritis specifically of the ankle and foot. No candidate concept includes BOTH requirements with the necessary joint-level specificity. The closest candidate, 37160562 ""Rheumatoid arthritis with rheumatoid lung disease,"" lacks the specified ankle/foot involvement and is therefore more general than the source. All other candidates omit the lung disease component. Hence, no exact clinical equivalent exists among the provided concepts."
Stress fracture of shoulder with delayed healing,45606350,"Stress fracture, unspecified shoulder, subsequent encounter for fracture with delayed healing",-1,no_match,"None of the candidate target concepts simultaneously represent all required clinical details: a stress fracture located in the shoulder region AND the qualifier of delayed healing (delayed union). Available candidates either lack the stress-fracture qualifier, the shoulder location, or the delayed-healing aspect. Therefore, no exact equivalent concept is present."
Pathological fracture of right ulna with delayed healing,45606390,"Pathological fracture in other disease, right ulna, subsequent encounter for fracture with delayed healing",-1,no_match,"None of the candidate concepts include both key aspects of the source term: (1) pathological fracture of the RIGHT ulna (specific bone and laterality) and (2) the complication of delayed healing (delayed union). Available candidates either lack the delayed-healing qualifier (e.g., ""Pathological fracture of right ulna"") or lack the specific bone/laterality and pathologic nature (e.g., ""Delayed union of fracture""). Hence no exact clinical equivalent is present."
Infection of kidney following delivery,45606653,Infection of kidney following delivery,-1,no_match,"No candidate concept captures both required aspects: 1) infection specifically of the kidney and 2) occurrence in the postpartum period. Concepts such as 'Infectious disorder of kidney' (kidney-specific) lack the postpartum context, while 'Urinary tract infection following delivery' includes the postpartum timing but is broader than kidney infection. Therefore, no exact clinical equivalent is present among the candidates."
Postpartum mood disturbance,45606661,Postpartum mood disturbance,1244154,Postpartum mood disorder,"The source term describes a mood abnormality occurring in the postpartum period without specifying severity, duration, or a particular subtype (e.g., depression, blues, psychosis). The SNOMED concept ""Postpartum mood disorder"" (1244154) captures exactly the same clinical idea—any mood disorder/disturbance arising in the puerperium—without adding or omitting clinical detail. Alternatives such as ""Transitory postpartum mood disturbance"" are more specific (limited to transient/blues) and therefore over-specify the source, while broader concepts (e.g., ""Mental disorder during puerperium"") include non-mood conditions. Thus 1244154 is the single best match."
Assault by baseball bat,45609808,"Assault by strike by baseball bat, sequela",4055543,Assault with baseball bat,"The target concept 'Assault with baseball bat' exactly captures the same event as the source term: an assault in which a baseball bat is the weapon. It preserves the same level of specificity (type of assault and specific blunt instrument) without adding or omitting clinical detail. All other candidates are either more general (e.g., 'Assault by striking with blunt object') or unrelated (e.g., late effects, accidental injuries). Hence concept_id 4055543 is the precise clinical equivalent."
Rh negative blood type,45609959,"Unspecified blood type, Rh negative",4013540,RhD negative,"The source term describes a blood type characterized solely by the absence of the Rh (D) antigen. Concept 4013540 ""RhD negative"" is a clinical-finding concept whose synonyms include ""Rh negative"" and exactly represents this phenotype without adding or omitting clinical detail (e.g., no ABO specificity, no procedural context). All other candidates are either procedures, include additional ABO information (more specific), or represent different Rh statuses. Thus 4013540 is the single exact match."
Acquired absence of left breast and nipple,45609993,Acquired absence of left breast and nipple,-1,no_match,"None of the candidate concepts specify both (1) that the absence is acquired, (2) that it involves the left side only, and (3) that both the breast and its nipple are absent. All offered targets either lack laterality, omit the nipple specification, or describe a different condition (e.g., congenital absence, partial absence, bilateral absence, traumatic etiology). Therefore no exact, equivalently specific match is available among the candidates."
Hordeolum and chalazion,45755391,Hordeolum and chalazion,-1,no_match,"None of the candidate concepts refers to the combined category that includes both hordeolum and chalazion. Concepts such as ""Hordeolum"" or ""Chalazion"" cover only one of the two conditions (too narrow), while ""Disorder of eyelid"" is broader than the source term. Because an exact clinical equivalent is absent, no match can be selected."
degenerative disorders of nervous system,45755405,Other degenerative disorders of nervous system in diseases classified elsewhere,-1,no_match,"No candidate concept exactly matches ""degenerative disorders of nervous system"". Available options are either too broad (e.g., ""System disorder of the nervous system"" lacks the degenerative qualifier) or too specific (e.g., ""Degenerative disease of the central nervous system"" limits to the central nervous system only, excluding peripheral components). Per matching rules, a target that is broader or more specific than the source is not acceptable, so no suitable concept is found."
Medial meniscus derangement,45755524,"Other meniscus derangements, Medial collateral ligament or Other and unspecified medial meniscus",77066,Derangement of medial meniscus,"Concept 77066 ""Derangement of medial meniscus"" exactly matches the source term in clinical meaning and granularity—both denote any derangement of the medial meniscus without additional qualifiers such as side, horn, chronicity, or cause. All other candidates are either for the lateral meniscus (wrong structure), specify side/horn/chronicity, or describe a specific type of injury (tear). Therefore, 77066 is the single exact equivalent."
Medical device site inflammation,45886125,Medical device site inflammation,-1,no_match,"None of the candidate concepts exactly corresponds to the source term. The closest option, 'Inflammation associated with device' (concept_id 43021990), is a child of 'Medical device site inflammation' and therefore more specific, violating the requirement not to over-specify. All other candidates are either broader, unrelated, or differ in anatomical or clinical scope. Hence no exact match is available among the provided targets."
Topical adhesive allergy,45887097,Topical adhesive allergy,-1,no_match,"The source term describes a hypersensitivity (allergy) to topical adhesives, i.e., a predisposition/clinical finding that the patient is allergic to adhesive substances applied on the skin. None of the candidate concepts exactly represent this: 1) 'Contact dermatitis' (134438) is far too broad; 2) 'Allergic contact dermatitis caused by adhesive' (4066471) specifies a particular manifestation (dermatitis) rather than the general allergic condition; 3) 'Allergic reaction to adhesive' (4303675) refers to an acute reaction event, not the underlying allergy; other candidates are either broader (e.g., 'Allergic disposition') or unrelated (e.g., toxic effects). Therefore, no exact equivalence is present."
